filename,error_ids,error_messages,count
./Data/generation/python_italian_gpt/iter_1/files/62b43425903eeb48555d3ea1.py,D100 ; E302 ; E501 ; W292,"Missing docstring in public module ; expected 2 blank lines, found 1 ; line too long (87 > 79 characters) ; no newline at end of file",4
./Data/generation/python_italian_gpt/iter_1/files/62b43426903eeb48555d3ea2.py,D100 ; F821 ; E501 ; F821 ; W292,Missing docstring in public module ; undefined name '_converting' ; line too long (93 > 79 characters) ; undefined name '_converting' ; no newline at end of file,5
./Data/generation/python_italian_gpt/iter_1/files/62b43427903eeb48555d3ea5.py,D100 ; E302 ; F821 ; F821 ; F821 ; F821 ; D401 ; E501 ; E501 ; W292,"Missing docstring in public module ; expected 2 blank lines, found 1 ; undefined name 'Any' ; undefined name 'Any' ; undefined name 'Any' ; undefined name 'Any' ; First line should be in imperative mood ; line too long (103 > 79 characters) ; line too long (88 > 79 characters) ; no newline at end of file",10
./Data/generation/python_italian_gpt/iter_1/files/62b43428903eeb48555d3eaa.py,CCR001 ; D100 ; D103 ; F821 ; F821 ; F821 ; F821 ; F821 ; F821 ; F821 ; E501 ; F821 ; F821 ; F821 ; F821 ; F821 ; F821 ; F821 ; F821 ; F821 ; F821 ; F821 ; E501 ; F821 ; W292,Cognitive complexity is too high (17 > 7) ; Missing docstring in public module ; Missing docstring in public function ; undefined name 'AnyStr' ; undefined name 'Union' ; undefined name 'Iterable' ; undefined name 'Dict' ; undefined name 'Union' ; undefined name 'Any' ; undefined name 'Iterable' ; line too long (98 > 79 characters) ; undefined name 'Sequence' ; undefined name 'Any' ; undefined name 'Tuple' ; undefined name 'AnyStr' ; undefined name 'Union' ; undefined name 'List' ; undefined name 'Dict' ; undefined name 'Union' ; undefined name 'Any' ; undefined name 'List' ; undefined name 'Sequence' ; line too long (89 > 79 characters) ; undefined name 'Any' ; no newline at end of file,25
./Data/generation/python_italian_gpt/iter_1/files/62b438a266fea644fe22cc2c.py,D100 ; E302 ; D200 ; E501 ; E501 ; W293 ; E501 ; E501 ; E501 ; E501 ; W292,"Missing docstring in public module ; expected 2 blank lines, found 1 ; One-line docstring should fit on one line with quotes ; line too long (98 > 79 characters) ; line too long (84 > 79 characters) ; blank line contains whitespace ; line too long (81 > 79 characters) ; line too long (81 > 79 characters) ; line too long (81 > 79 characters) ; line too long (81 > 79 characters) ; no newline at end of file",11
./Data/generation/python_italian_gpt/iter_1/files/62b438a266fea644fe22cc2d.py,D100 ; E501 ; E501 ; W293 ; E501 ; E501 ; W293 ; W292,Missing docstring in public module ; line too long (307 > 79 characters) ; line too long (224 > 79 characters) ; blank line contains whitespace ; line too long (91 > 79 characters) ; line too long (82 > 79 characters) ; blank line contains whitespace ; no newline at end of file,8
./Data/generation/python_italian_gpt/iter_1/files/62b438a266fea644fe22cc2e.py,D100 ; D200 ; E501 ; E501 ; E501 ; W292,Missing docstring in public module ; One-line docstring should fit on one line with quotes ; line too long (236 > 79 characters) ; line too long (81 > 79 characters) ; line too long (81 > 79 characters) ; no newline at end of file,6
./Data/generation/python_italian_gpt/iter_1/files/62b438b566fea644fe22cc70.py,CCR001 ; D100 ; D200 ; E501 ; E501 ; F521 ; W292,Cognitive complexity is too high (9 > 7) ; Missing docstring in public module ; One-line docstring should fit on one line with quotes ; line too long (172 > 79 characters) ; line too long (90 > 79 characters) ; '...'.format(...) has invalid format string: unexpected '{' in field name ; no newline at end of file,7
./Data/generation/python_italian_gpt/iter_1/files/62b438b666fea644fe22cc72.py,D100 ; D205 ; D400 ; E501 ; E501 ; W292,Missing docstring in public module ; 1 blank line required between summary line and description ; First line should end with a period ; line too long (82 > 79 characters) ; line too long (94 > 79 characters) ; no newline at end of file,6
./Data/generation/python_italian_gpt/iter_1/files/62b438b666fea644fe22cc78.py,D100 ; E302 ; D205 ; D400 ; E501 ; W293 ; W293 ; W292,"Missing docstring in public module ; expected 2 blank lines, found 1 ; 1 blank line required between summary line and description ; First line should end with a period ; line too long (84 > 79 characters) ; blank line contains whitespace ; blank line contains whitespace ; no newline at end of file",8
./Data/generation/python_italian_gpt/iter_1/files/62b438ba66fea644fe22cca2.py,CCR001 ; D100 ; D103 ; E501 ; E501 ; W292,Cognitive complexity is too high (13 > 7) ; Missing docstring in public module ; Missing docstring in public function ; line too long (95 > 79 characters) ; line too long (105 > 79 characters) ; no newline at end of file,6
./Data/generation/python_italian_gpt/iter_1/files/62b45665d7d32e5b55cc8363.py,D100 ; E302 ; E501 ; E501 ; W293 ; E501 ; E501 ; W292,"Missing docstring in public module ; expected 2 blank lines, found 1 ; line too long (98 > 79 characters) ; line too long (84 > 79 characters) ; blank line contains whitespace ; line too long (83 > 79 characters) ; line too long (83 > 79 characters) ; no newline at end of file",8
./Data/generation/python_italian_gpt/iter_1/files/62b45665d7d32e5b55cc8364.py,D100 ; E501 ; E501 ; W293 ; E501 ; E501 ; W292,Missing docstring in public module ; line too long (307 > 79 characters) ; line too long (221 > 79 characters) ; blank line contains whitespace ; line too long (91 > 79 characters) ; line too long (82 > 79 characters) ; no newline at end of file,7
./Data/generation/python_italian_gpt/iter_1/files/62b45665d7d32e5b55cc8365.py,D100 ; E302 ; D200 ; E501 ; E501 ; E501 ; W292,"Missing docstring in public module ; expected 2 blank lines, found 1 ; One-line docstring should fit on one line with quotes ; line too long (228 > 79 characters) ; line too long (81 > 79 characters) ; line too long (81 > 79 characters) ; no newline at end of file",7
./Data/generation/python_italian_gpt/iter_1/files/62b45679d7d32e5b55cc83a9.py,D100 ; D205 ; D400 ; E501 ; W291 ; E501 ; W292,Missing docstring in public module ; 1 blank line required between summary line and description ; First line should end with a period ; line too long (81 > 79 characters) ; trailing whitespace ; line too long (87 > 79 characters) ; no newline at end of file,7
./Data/generation/python_italian_gpt/iter_1/files/62b4567ad7d32e5b55cc83af.py,D100 ; E302 ; D205 ; D400 ; E501 ; W293 ; W293 ; W292,"Missing docstring in public module ; expected 2 blank lines, found 1 ; 1 blank line required between summary line and description ; First line should end with a period ; line too long (84 > 79 characters) ; blank line contains whitespace ; blank line contains whitespace ; no newline at end of file",8
./Data/generation/python_italian_gpt/iter_1/files/62b4567ed7d32e5b55cc83d9.py,D100 ; CCR001 ; E302 ; D400 ; E501 ; E501 ; E501 ; E501 ; E501 ; E501 ; E501 ; E501 ; W293 ; E501 ; E501 ; E501 ; E501 ; W292,"Missing docstring in public module ; Cognitive complexity is too high (9 > 7) ; expected 2 blank lines, found 1 ; First line should end with a period ; line too long (124 > 79 characters) ; line too long (260 > 79 characters) ; line too long (85 > 79 characters) ; line too long (84 > 79 characters) ; line too long (84 > 79 characters) ; line too long (85 > 79 characters) ; line too long (84 > 79 characters) ; line too long (291 > 79 characters) ; blank line contains whitespace ; line too long (92 > 79 characters) ; line too long (82 > 79 characters) ; line too long (115 > 79 characters) ; line too long (93 > 79 characters) ; no newline at end of file",18
./Data/generation/python_italian_gpt/iter_1/files/62b45b396decaeff903e1001.py,D100 ; D400 ; W292,Missing docstring in public module ; First line should end with a period ; no newline at end of file,3
./Data/generation/python_italian_gpt/iter_1/files/62b45df05108cfac7f2109ce.py,D100 ; D200 ; W292,Missing docstring in public module ; One-line docstring should fit on one line with quotes ; no newline at end of file,3
./Data/generation/python_italian_gpt/iter_1/files/62b45df15108cfac7f2109dc.py,D100 ; D200 ; E501 ; E501 ; W292,Missing docstring in public module ; One-line docstring should fit on one line with quotes ; line too long (95 > 79 characters) ; line too long (99 > 79 characters) ; no newline at end of file,5
./Data/generation/python_italian_gpt/iter_1/files/62b45df15108cfac7f2109dd.py,D100 ; D200 ; E501 ; W292,Missing docstring in public module ; One-line docstring should fit on one line with quotes ; line too long (110 > 79 characters) ; no newline at end of file,4
./Data/generation/python_italian_gpt/iter_1/files/62b45e135108cfac7f2109f4.py,D100 ; D200 ; E501 ; W292,Missing docstring in public module ; One-line docstring should fit on one line with quotes ; line too long (97 > 79 characters) ; no newline at end of file,4
./Data/generation/python_italian_gpt/iter_1/files/62b45e145108cfac7f210a07.py,CCR001 ; D100 ; E501 ; W291 ; E501 ; W291 ; E501 ; W291 ; W292,Cognitive complexity is too high (9 > 7) ; Missing docstring in public module ; line too long (96 > 79 characters) ; trailing whitespace ; line too long (95 > 79 characters) ; trailing whitespace ; line too long (99 > 79 characters) ; trailing whitespace ; no newline at end of file,9
./Data/generation/python_italian_gpt/iter_1/files/62b45e145108cfac7f210a09.py,D100 ; D200 ; E501 ; W293 ; E501 ; W293 ; W293 ; W293 ; W292,Missing docstring in public module ; One-line docstring should fit on one line with quotes ; line too long (84 > 79 characters) ; blank line contains whitespace ; line too long (85 > 79 characters) ; blank line contains whitespace ; blank line contains whitespace ; blank line contains whitespace ; no newline at end of file,9
./Data/generation/python_italian_gpt/iter_1/files/62b45e165108cfac7f210a16.py,D100 ; E501 ; E501 ; E501 ; F821 ; E501 ; W293 ; E501 ; W293 ; E501 ; W293 ; W292,Missing docstring in public module ; line too long (93 > 79 characters) ; line too long (83 > 79 characters) ; line too long (90 > 79 characters) ; undefined name 'InventoryValidator' ; line too long (85 > 79 characters) ; blank line contains whitespace ; line too long (85 > 79 characters) ; blank line contains whitespace ; line too long (95 > 79 characters) ; blank line contains whitespace ; no newline at end of file,12
./Data/generation/python_italian_gpt/iter_1/files/62b45e165108cfac7f210a17.py,D100 ; E501 ; E501 ; W293 ; W293 ; W293 ; W293 ; W292,Missing docstring in public module ; line too long (121 > 79 characters) ; line too long (138 > 79 characters) ; blank line contains whitespace ; blank line contains whitespace ; blank line contains whitespace ; blank line contains whitespace ; no newline at end of file,8
./Data/generation/python_italian_gpt/iter_1/files/62b45e175108cfac7f210a19.py,CCR001 ; D100 ; E501 ; E501 ; W293 ; W292,Cognitive complexity is too high (8 > 7) ; Missing docstring in public module ; line too long (120 > 79 characters) ; line too long (91 > 79 characters) ; blank line contains whitespace ; no newline at end of file,6
./Data/generation/python_italian_gpt/iter_1/files/62b45e21e0d4551b0392c8ed.py,CCR001 ; D100 ; E501 ; E501 ; E501 ; W293 ; W293 ; W292,Cognitive complexity is too high (8 > 7) ; Missing docstring in public module ; line too long (93 > 79 characters) ; line too long (83 > 79 characters) ; line too long (87 > 79 characters) ; blank line contains whitespace ; blank line contains whitespace ; no newline at end of file,8
./Data/generation/python_italian_gpt/iter_1/files/62b45e23e0d4551b0392c90a.py,CCR001 ; D100 ; D205 ; W293 ; W293 ; W293 ; W293 ; W293 ; D103 ; E302 ; W292,"Cognitive complexity is too high (18 > 7) ; Missing docstring in public module ; 1 blank line required between summary line and description ; blank line contains whitespace ; blank line contains whitespace ; blank line contains whitespace ; blank line contains whitespace ; blank line contains whitespace ; Missing docstring in public function ; expected 2 blank lines, found 1 ; no newline at end of file",11
./Data/generation/python_italian_gpt/iter_1/files/62b45e2eb89c9fd354170232.py,D100 ; E501 ; W292,Missing docstring in public module ; line too long (81 > 79 characters) ; no newline at end of file,3
./Data/generation/python_italian_gpt/iter_1/files/62b45e515108cfac7f210a3c.py,D100 ; E501 ; W292,Missing docstring in public module ; line too long (91 > 79 characters) ; no newline at end of file,3
./Data/generation/python_italian_gpt/iter_1/files/62b45e945108cfac7f210a4a.py,CCR001 ; D100 ; E501 ; W293 ; W292,Cognitive complexity is too high (15 > 7) ; Missing docstring in public module ; line too long (93 > 79 characters) ; blank line contains whitespace ; no newline at end of file,5
./Data/generation/python_italian_gpt/iter_1/files/62b463153879012d19481498.py,D100 ; E302 ; D200 ; E501 ; W292,"Missing docstring in public module ; expected 2 blank lines, found 1 ; One-line docstring should fit on one line with quotes ; line too long (81 > 79 characters) ; no newline at end of file",5
./Data/generation/python_italian_gpt/iter_1/files/62b463153879012d1948149a.py,D100 ; D400 ; E501 ; W291 ; W291 ; W291 ; W291 ; W291 ; W291 ; W291 ; W293 ; E501 ; E501 ; W292,Missing docstring in public module ; First line should end with a period ; line too long (95 > 79 characters) ; trailing whitespace ; trailing whitespace ; trailing whitespace ; trailing whitespace ; trailing whitespace ; trailing whitespace ; trailing whitespace ; blank line contains whitespace ; line too long (87 > 79 characters) ; line too long (88 > 79 characters) ; no newline at end of file,14
./Data/generation/python_italian_gpt/iter_1/files/62b463153879012d1948149b.py,D100 ; E501 ; W291 ; W291 ; W291 ; W291 ; W291 ; W293 ; W293 ; W292,Missing docstring in public module ; line too long (106 > 79 characters) ; trailing whitespace ; trailing whitespace ; trailing whitespace ; trailing whitespace ; trailing whitespace ; blank line contains whitespace ; blank line contains whitespace ; no newline at end of file,10
./Data/generation/python_italian_gpt/iter_1/files/62b463153879012d1948149c.py,D100 ; E501 ; W291 ; W291 ; W291 ; W291 ; W291 ; E501 ; W291 ; W292,Missing docstring in public module ; line too long (88 > 79 characters) ; trailing whitespace ; trailing whitespace ; trailing whitespace ; trailing whitespace ; trailing whitespace ; line too long (80 > 79 characters) ; trailing whitespace ; no newline at end of file,10
./Data/generation/python_italian_gpt/iter_1/files/62b463153879012d1948149d.py,D100 ; W291 ; D400 ; W291 ; E501 ; W291 ; W291 ; W291 ; W291 ; W291 ; W291 ; W291 ; W291 ; W292,Missing docstring in public module ; trailing whitespace ; First line should end with a period ; trailing whitespace ; line too long (94 > 79 characters) ; trailing whitespace ; trailing whitespace ; trailing whitespace ; trailing whitespace ; trailing whitespace ; trailing whitespace ; trailing whitespace ; trailing whitespace ; no newline at end of file,14
./Data/generation/python_italian_gpt/iter_1/files/62b463153879012d1948149f.py,D100 ; E501 ; W292,Missing docstring in public module ; line too long (80 > 79 characters) ; no newline at end of file,3
./Data/generation/python_italian_gpt/iter_1/files/62b463153879012d194814a1.py,D100 ; D205 ; D210 ; D400 ; W293 ; W292,Missing docstring in public module ; 1 blank line required between summary line and description ; No whitespaces allowed surrounding docstring text ; First line should end with a period ; blank line contains whitespace ; no newline at end of file,6
./Data/generation/python_italian_gpt/iter_1/files/62b463163879012d194814a2.py,D100 ; D205 ; D400 ; W293 ; W292,Missing docstring in public module ; 1 blank line required between summary line and description ; First line should end with a period ; blank line contains whitespace ; no newline at end of file,5
./Data/generation/python_italian_gpt/iter_1/files/62b463163879012d194814a4.py,D100 ; E501 ; W291 ; E501 ; W292,Missing docstring in public module ; line too long (103 > 79 characters) ; trailing whitespace ; line too long (85 > 79 characters) ; no newline at end of file,5
./Data/generation/python_italian_gpt/iter_1/files/62b463163879012d194814a6.py,D100 ; E302 ; W293 ; W293 ; W292,"Missing docstring in public module ; expected 2 blank lines, found 1 ; blank line contains whitespace ; blank line contains whitespace ; no newline at end of file",5
./Data/generation/python_italian_gpt/iter_1/files/62b4631b3879012d194814dd.py,D100 ; D200 ; D401 ; W292,Missing docstring in public module ; One-line docstring should fit on one line with quotes ; First line should be in imperative mood ; no newline at end of file,4
./Data/generation/python_italian_gpt/iter_1/files/62b463283879012d1948153d.py,D100 ; D200 ; W292,Missing docstring in public module ; One-line docstring should fit on one line with quotes ; no newline at end of file,3
./Data/generation/python_italian_gpt/iter_1/files/62b463303879012d19481579.py,D100 ; D200 ; W293 ; W293 ; W293 ; W292,Missing docstring in public module ; One-line docstring should fit on one line with quotes ; blank line contains whitespace ; blank line contains whitespace ; blank line contains whitespace ; no newline at end of file,6
./Data/generation/python_italian_gpt/iter_1/files/62b46740d2f69a53b466171a.py,D100 ; W293 ; W292,Missing docstring in public module ; blank line contains whitespace ; no newline at end of file,3
./Data/generation/python_italian_gpt/iter_1/files/62b46746d2f69a53b4661722.py,CCR001 ; D100 ; E501 ; W292,Cognitive complexity is too high (28 > 7) ; Missing docstring in public module ; line too long (138 > 79 characters) ; no newline at end of file,4
./Data/generation/python_italian_gpt/iter_1/files/62b86707b4d922cb0e688c2a.py,D100 ; W292,Missing docstring in public module ; no newline at end of file,2
./Data/generation/python_italian_gpt/iter_1/files/62b86729b4d922cb0e688c2f.py,D100 ; E501 ; C812 ; W292,Missing docstring in public module ; line too long (116 > 79 characters) ; missing trailing comma ; no newline at end of file,4
./Data/generation/python_italian_gpt/iter_1/files/62b869eab4d922cb0e688cbf.py,D100 ; D205 ; D400 ; E501 ; E501 ; E501 ; W293 ; C812 ; C812 ; W293 ; W292,Missing docstring in public module ; 1 blank line required between summary line and description ; First line should end with a period ; line too long (88 > 79 characters) ; line too long (101 > 79 characters) ; line too long (89 > 79 characters) ; blank line contains whitespace ; missing trailing comma ; missing trailing comma ; blank line contains whitespace ; no newline at end of file,11
./Data/generation/python_italian_gpt/iter_1/files/62b869eab4d922cb0e688cc5.py,CCR001 ; D100 ; D103 ; C812 ; E501 ; C812 ; W292,Cognitive complexity is too high (9 > 7) ; Missing docstring in public module ; Missing docstring in public function ; missing trailing comma ; line too long (87 > 79 characters) ; missing trailing comma ; no newline at end of file,7
./Data/generation/python_italian_gpt/iter_1/files/62b869ebb4d922cb0e688cc6.py,CCR001 ; D100 ; C812 ; D205 ; D400 ; E501 ; W291 ; W291 ; E501 ; E501 ; E501 ; W291 ; E501 ; E501 ; W292,Cognitive complexity is too high (13 > 7) ; Missing docstring in public module ; missing trailing comma ; 1 blank line required between summary line and description ; First line should end with a period ; line too long (80 > 79 characters) ; trailing whitespace ; trailing whitespace ; line too long (88 > 79 characters) ; line too long (98 > 79 characters) ; line too long (83 > 79 characters) ; trailing whitespace ; line too long (82 > 79 characters) ; line too long (114 > 79 characters) ; no newline at end of file,15
./Data/generation/python_italian_gpt/iter_1/files/62b86a01b4d922cb0e688ccc.py,CCR001 ; D100 ; D103 ; W293 ; E501 ; E501 ; W293 ; W292,Cognitive complexity is too high (10 > 7) ; Missing docstring in public module ; Missing docstring in public function ; blank line contains whitespace ; line too long (91 > 79 characters) ; line too long (146 > 79 characters) ; blank line contains whitespace ; no newline at end of file,8
./Data/generation/python_italian_gpt/iter_1/files/62b86a4fb4d922cb0e688cf7.py,D100 ; D101 ; E302 ; E302 ; E501 ; E501 ; E501 ; W292,"Missing docstring in public module ; Missing docstring in public class ; expected 2 blank lines, found 1 ; expected 2 blank lines, found 1 ; line too long (86 > 79 characters) ; line too long (89 > 79 characters) ; line too long (91 > 79 characters) ; no newline at end of file",8
./Data/generation/python_italian_gpt/iter_1/files/62b86a4fb4d922cb0e688cf8.py,D100 ; D101 ; E302 ; E302 ; E501 ; E501 ; E501 ; W292,"Missing docstring in public module ; Missing docstring in public class ; expected 2 blank lines, found 1 ; expected 2 blank lines, found 1 ; line too long (82 > 79 characters) ; line too long (86 > 79 characters) ; line too long (94 > 79 characters) ; no newline at end of file",8
./Data/generation/python_italian_gpt/iter_1/files/62b86a9eb4d922cb0e688d25.py,D100 ; E302 ; E501 ; W291 ; E501 ; W292,"Missing docstring in public module ; expected 2 blank lines, found 1 ; line too long (102 > 79 characters) ; trailing whitespace ; line too long (108 > 79 characters) ; no newline at end of file",6
./Data/generation/python_italian_gpt/iter_1/files/62b86aa3b4d922cb0e688d36.py,D100 ; D101 ; E302 ; D107 ; CCR001 ; E302 ; E501 ; W293 ; W292,"Missing docstring in public module ; Missing docstring in public class ; expected 2 blank lines, found 1 ; Missing docstring in __init__ ; Cognitive complexity is too high (8 > 7) ; expected 2 blank lines, found 1 ; line too long (85 > 79 characters) ; blank line contains whitespace ; no newline at end of file",9
./Data/generation/python_italian_gpt/iter_1/files/62b87af09a0c4fa8b80b34f1.py,D100 ; D200 ; E501 ; W292,Missing docstring in public module ; One-line docstring should fit on one line with quotes ; line too long (81 > 79 characters) ; no newline at end of file,4
./Data/generation/python_italian_gpt/iter_1/files/62b87af19a0c4fa8b80b34f7.py,CCR001 ; D100 ; D103 ; CCR001 ; E501 ; W292,Cognitive complexity is too high (18 > 7) ; Missing docstring in public module ; Missing docstring in public function ; Cognitive complexity is too high (13 > 7) ; line too long (95 > 79 characters) ; no newline at end of file,6
./Data/generation/python_italian_gpt/iter_1/files/62b87af69a0c4fa8b80b351a.py,D100 ; D200 ; E501 ; W292,Missing docstring in public module ; One-line docstring should fit on one line with quotes ; line too long (91 > 79 characters) ; no newline at end of file,4
./Data/generation/python_italian_gpt/iter_1/files/62b87af99a0c4fa8b80b3524.py,D100 ; D200 ; D208 ; W292,Missing docstring in public module ; One-line docstring should fit on one line with quotes ; Docstring is over-indented ; no newline at end of file,4
./Data/generation/python_italian_gpt/iter_1/files/62b87b099a0c4fa8b80b3538.py,D100 ; D200 ; E501 ; W292,Missing docstring in public module ; One-line docstring should fit on one line with quotes ; line too long (91 > 79 characters) ; no newline at end of file,4
./Data/generation/python_italian_gpt/iter_1/files/62b87b199a0c4fa8b80b354c.py,D100 ; D205 ; D400 ; W291 ; W291 ; W292,Missing docstring in public module ; 1 blank line required between summary line and description ; First line should end with a period ; trailing whitespace ; trailing whitespace ; no newline at end of file,6
./Data/generation/python_italian_gpt/iter_1/files/62b87b199a0c4fa8b80b354e.py,D100 ; E501 ; W291 ; W291 ; F821 ; F821 ; F821 ; W292,Missing docstring in public module ; line too long (81 > 79 characters) ; trailing whitespace ; trailing whitespace ; undefined name 'FillRequest' ; undefined name 'Source' ; undefined name 'FillRequest' ; no newline at end of file,8
./Data/generation/python_italian_gpt/iter_1/files/62b87b4f9a0c4fa8b80b3580.py,D100 ; W291 ; W291 ; E501 ; E501 ; W293 ; W293 ; W292,Missing docstring in public module ; trailing whitespace ; trailing whitespace ; line too long (82 > 79 characters) ; line too long (81 > 79 characters) ; blank line contains whitespace ; blank line contains whitespace ; no newline at end of file,8
./Data/generation/python_italian_gpt/iter_1/files/62b87b4f9a0c4fa8b80b3581.py,CCR001 ; D100 ; W291 ; E501 ; W291 ; E501 ; E501 ; W291 ; F821 ; W292,Cognitive complexity is too high (8 > 7) ; Missing docstring in public module ; trailing whitespace ; line too long (175 > 79 characters) ; trailing whitespace ; line too long (146 > 79 characters) ; line too long (114 > 79 characters) ; trailing whitespace ; undefined name 'LenaValueError' ; no newline at end of file,10
./Data/generation/python_italian_gpt/iter_1/files/62b87b519a0c4fa8b80b3583.py,D100 ; E501 ; W291 ; E501 ; E501 ; W291 ; W291 ; E501 ; E501 ; F821 ; W292,Missing docstring in public module ; line too long (99 > 79 characters) ; trailing whitespace ; line too long (82 > 79 characters) ; line too long (81 > 79 characters) ; trailing whitespace ; trailing whitespace ; line too long (83 > 79 characters) ; line too long (84 > 79 characters) ; undefined name 'LenaValueError' ; no newline at end of file,11
./Data/generation/python_italian_gpt/iter_1/files/62b87b7e9a0c4fa8b80b35bc.py,D100 ; W292,Missing docstring in public module ; no newline at end of file,2
./Data/generation/python_italian_gpt/iter_1/files/62b87b839a0c4fa8b80b35cb.py,D100 ; D200 ; E501 ; C812 ; W293 ; W292,Missing docstring in public module ; One-line docstring should fit on one line with quotes ; line too long (89 > 79 characters) ; missing trailing comma ; blank line contains whitespace ; no newline at end of file,6
./Data/generation/python_italian_gpt/iter_1/files/62b87b859a0c4fa8b80b35d7.py,D100 ; D205 ; D400 ; W291 ; W291 ; W291 ; W291 ; E501 ; W291 ; E501 ; E501 ; W292,Missing docstring in public module ; 1 blank line required between summary line and description ; First line should end with a period ; trailing whitespace ; trailing whitespace ; trailing whitespace ; trailing whitespace ; line too long (85 > 79 characters) ; trailing whitespace ; line too long (90 > 79 characters) ; line too long (86 > 79 characters) ; no newline at end of file,12
./Data/generation/python_italian_gpt/iter_1/files/62b87b869a0c4fa8b80b35e1.py,CCR001 ; D100 ; E501 ; E501 ; E501 ; E501 ; E501 ; E501 ; E501 ; E501 ; E731 ; W292,"Cognitive complexity is too high (11 > 7) ; Missing docstring in public module ; line too long (91 > 79 characters) ; line too long (80 > 79 characters) ; line too long (89 > 79 characters) ; line too long (90 > 79 characters) ; line too long (82 > 79 characters) ; line too long (80 > 79 characters) ; line too long (84 > 79 characters) ; line too long (80 > 79 characters) ; do not assign a lambda expression, use a def ; no newline at end of file",12
./Data/generation/python_italian_gpt/iter_1/files/62b87b989a0c4fa8b80b35ee.py,D100 ; W292,Missing docstring in public module ; no newline at end of file,2
./Data/generation/python_italian_gpt/iter_1/files/62b87d23d292efb640a55667.py,D100 ; E501 ; W292,Missing docstring in public module ; line too long (80 > 79 characters) ; no newline at end of file,3
./Data/generation/python_italian_gpt/iter_1/files/62b87d23d292efb640a55668.py,D100 ; D200 ; D400 ; W292,Missing docstring in public module ; One-line docstring should fit on one line with quotes ; First line should end with a period ; no newline at end of file,4
./Data/generation/python_italian_gpt/iter_1/files/62b87d23d292efb640a5566b.py,D100 ; E302 ; E501 ; D200 ; W293 ; W293 ; W293 ; W293 ; W293 ; W292,"Missing docstring in public module ; expected 2 blank lines, found 1 ; line too long (94 > 79 characters) ; One-line docstring should fit on one line with quotes ; blank line contains whitespace ; blank line contains whitespace ; blank line contains whitespace ; blank line contains whitespace ; blank line contains whitespace ; no newline at end of file",10
./Data/generation/python_italian_gpt/iter_1/files/62b87d24d292efb640a5566d.py,D100 ; D200 ; D400 ; W292,Missing docstring in public module ; One-line docstring should fit on one line with quotes ; First line should end with a period ; no newline at end of file,4
./Data/generation/python_italian_gpt/iter_1/files/62b87d24d292efb640a5566f.py,D100 ; D200 ; W292,Missing docstring in public module ; One-line docstring should fit on one line with quotes ; no newline at end of file,3
./Data/generation/python_italian_gpt/iter_1/files/62b87d24d292efb640a55670.py,D100 ; D200 ; E501 ; E501 ; W292,Missing docstring in public module ; One-line docstring should fit on one line with quotes ; line too long (108 > 79 characters) ; line too long (80 > 79 characters) ; no newline at end of file,5
./Data/generation/python_italian_gpt/iter_1/files/62b89640755ee91dce50a114.py,D100 ; D400 ; E501 ; F821 ; W292,Missing docstring in public module ; First line should end with a period ; line too long (140 > 79 characters) ; undefined name 'unicode' ; no newline at end of file,5
./Data/generation/python_italian_gpt/iter_1/files/62b8966c755ee91dce50a154.py,CCR001 ; D100 ; E501 ; E501 ; E501 ; E501 ; E501 ; E501 ; E501 ; E501 ; E501 ; E501 ; E501 ; E501 ; E501 ; E501 ; E501 ; W293 ; E501 ; E501 ; W293 ; E501 ; E501 ; W292,Cognitive complexity is too high (37 > 7) ; Missing docstring in public module ; line too long (95 > 79 characters) ; line too long (94 > 79 characters) ; line too long (99 > 79 characters) ; line too long (101 > 79 characters) ; line too long (80 > 79 characters) ; line too long (80 > 79 characters) ; line too long (83 > 79 characters) ; line too long (82 > 79 characters) ; line too long (89 > 79 characters) ; line too long (85 > 79 characters) ; line too long (90 > 79 characters) ; line too long (95 > 79 characters) ; line too long (98 > 79 characters) ; line too long (95 > 79 characters) ; line too long (96 > 79 characters) ; blank line contains whitespace ; line too long (105 > 79 characters) ; line too long (102 > 79 characters) ; blank line contains whitespace ; line too long (99 > 79 characters) ; line too long (84 > 79 characters) ; no newline at end of file,24
./Data/generation/python_italian_gpt/iter_1/files/62b896de755ee91dce50a183.py,D100 ; D301 ; E501 ; E501 ; E501 ; E501 ; E501 ; E501 ; E501 ; E501 ; E501 ; E501 ; W605 ; W605 ; E501 ; E501 ; E501 ; W292,"Missing docstring in public module ; Use r"""""" if any backslashes in a docstring ; line too long (84 > 79 characters) ; line too long (89 > 79 characters) ; line too long (83 > 79 characters) ; line too long (86 > 79 characters) ; line too long (83 > 79 characters) ; line too long (85 > 79 characters) ; line too long (81 > 79 characters) ; line too long (84 > 79 characters) ; line too long (81 > 79 characters) ; line too long (83 > 79 characters) ; invalid escape sequence '\*' ; invalid escape sequence '\*' ; line too long (84 > 79 characters) ; line too long (81 > 79 characters) ; line too long (95 > 79 characters) ; no newline at end of file",18
./Data/generation/python_italian_gpt/iter_1/files/62b8982f755ee91dce50a241.py,D100 ; E302 ; E501 ; E501 ; W292,"Missing docstring in public module ; expected 2 blank lines, found 1 ; line too long (126 > 79 characters) ; line too long (85 > 79 characters) ; no newline at end of file",5
./Data/generation/python_italian_gpt/iter_1/files/62b8a4a4755ee91dce50a3d2.py,D100 ; E501 ; E501 ; W291 ; E501 ; F821 ; W293 ; W293 ; F821 ; E501 ; W293 ; W292,Missing docstring in public module ; line too long (154 > 79 characters) ; line too long (283 > 79 characters) ; trailing whitespace ; line too long (81 > 79 characters) ; undefined name 'datetime' ; blank line contains whitespace ; blank line contains whitespace ; undefined name 'datetime' ; line too long (88 > 79 characters) ; blank line contains whitespace ; no newline at end of file,12
./Data/generation/python_italian_gpt/iter_1/files/62b8a4a4755ee91dce50a3d3.py,D100 ; E501 ; E501 ; W291 ; E501 ; F821 ; F821 ; W292,Missing docstring in public module ; line too long (199 > 79 characters) ; line too long (280 > 79 characters) ; trailing whitespace ; line too long (98 > 79 characters) ; undefined name 'timedelta' ; undefined name 'timedelta' ; no newline at end of file,8
./Data/generation/python_italian_gpt/iter_1/files/62b8a7b2755ee91dce50a4a7.py,D100 ; F401 ; E302 ; E501 ; E501 ; E501 ; W292,"Missing docstring in public module ; 'datetime.datetime' imported but unused ; expected 2 blank lines, found 1 ; line too long (100 > 79 characters) ; line too long (197 > 79 characters) ; line too long (102 > 79 characters) ; no newline at end of file",7
./Data/generation/python_italian_gpt/iter_1/files/62b8b3d4eb7e40a82d2d110d.py,D100 ; W291 ; F821 ; W292,Missing docstring in public module ; trailing whitespace ; undefined name 'PURE_PYTHON' ; no newline at end of file,4
./Data/generation/python_italian_gpt/iter_1/files/62b8b3d4eb7e40a82d2d110e.py,D100 ; D200 ; W292,Missing docstring in public module ; One-line docstring should fit on one line with quotes ; no newline at end of file,3
./Data/generation/python_italian_gpt/iter_1/files/62b8b3d4eb7e40a82d2d110f.py,D100 ; E501 ; E501 ; W291 ; W292,Missing docstring in public module ; line too long (88 > 79 characters) ; line too long (101 > 79 characters) ; trailing whitespace ; no newline at end of file,5
./Data/generation/python_italian_gpt/iter_1/files/62b8b3d5eb7e40a82d2d1110.py,D100 ; E501 ; E501 ; E501 ; E501 ; W292,Missing docstring in public module ; line too long (90 > 79 characters) ; line too long (103 > 79 characters) ; line too long (84 > 79 characters) ; line too long (83 > 79 characters) ; no newline at end of file,6
./Data/generation/python_italian_gpt/iter_1/files/62b8b3d6eb7e40a82d2d111c.py,D100 ; D400 ; E501 ; E501 ; W292,Missing docstring in public module ; First line should end with a period ; line too long (85 > 79 characters) ; line too long (99 > 79 characters) ; no newline at end of file,5
./Data/generation/python_italian_gpt/iter_1/files/62b8b416eb7e40a82d2d1129.py,D100 ; E261 ; W292,Missing docstring in public module ; at least two spaces before inline comment ; no newline at end of file,3
./Data/generation/python_italian_gpt/iter_1/files/62b8b4b9eb7e40a82d2d1134.py,D100 ; E261 ; E501 ; E501 ; W292,Missing docstring in public module ; at least two spaces before inline comment ; line too long (88 > 79 characters) ; line too long (98 > 79 characters) ; no newline at end of file,5
./Data/generation/python_italian_gpt/iter_1/files/62b8b4baeb7e40a82d2d1136.py,CCR001 ; D100 ; E501 ; E501 ; E501 ; E501 ; W291 ; E501 ; W293 ; W293 ; W293 ; E501 ; W292,Cognitive complexity is too high (15 > 7) ; Missing docstring in public module ; line too long (393 > 79 characters) ; line too long (80 > 79 characters) ; line too long (104 > 79 characters) ; line too long (99 > 79 characters) ; trailing whitespace ; line too long (261 > 79 characters) ; blank line contains whitespace ; blank line contains whitespace ; blank line contains whitespace ; line too long (81 > 79 characters) ; no newline at end of file,13
./Data/generation/python_italian_gpt/iter_1/files/62b8b4baeb7e40a82d2d1137.py,CCR001 ; D100 ; E501 ; E501 ; E501 ; E501 ; W291 ; E501 ; F401 ; W293 ; W293 ; E501 ; E501 ; W293 ; E501 ; W293 ; E501 ; W292,Cognitive complexity is too high (18 > 7) ; Missing docstring in public module ; line too long (394 > 79 characters) ; line too long (80 > 79 characters) ; line too long (104 > 79 characters) ; line too long (99 > 79 characters) ; trailing whitespace ; line too long (250 > 79 characters) ; 'inspect.Parameter' imported but unused ; blank line contains whitespace ; blank line contains whitespace ; line too long (86 > 79 characters) ; line too long (88 > 79 characters) ; blank line contains whitespace ; line too long (86 > 79 characters) ; blank line contains whitespace ; line too long (95 > 79 characters) ; no newline at end of file,18
./Data/generation/python_italian_gpt/iter_1/files/62b8b4c1eb7e40a82d2d1139.py,D100 ; D200 ; W292,Missing docstring in public module ; One-line docstring should fit on one line with quotes ; no newline at end of file,3
./Data/generation/python_italian_gpt/iter_1/files/62b8b559eb7e40a82d2d11f6.py,D100 ; D200 ; E501 ; W293 ; W292,Missing docstring in public module ; One-line docstring should fit on one line with quotes ; line too long (98 > 79 characters) ; blank line contains whitespace ; no newline at end of file,5
./Data/generation/python_italian_gpt/iter_1/files/62b8b559eb7e40a82d2d11f8.py,D100 ; D200 ; W292,Missing docstring in public module ; One-line docstring should fit on one line with quotes ; no newline at end of file,3
./Data/generation/python_italian_gpt/iter_1/files/62b8b58deb7e40a82d2d1269.py,D100 ; W292,Missing docstring in public module ; no newline at end of file,2
./Data/generation/python_italian_gpt/iter_1/files/62b8b590eb7e40a82d2d1275.py,CCR001 ; D100 ; E501 ; E501 ; W292,Cognitive complexity is too high (15 > 7) ; Missing docstring in public module ; line too long (100 > 79 characters) ; line too long (186 > 79 characters) ; no newline at end of file,5
./Data/generation/python_italian_gpt/iter_1/files/62b8b59feb7e40a82d2d1291.py,D100 ; D205 ; D400 ; W291 ; W292,Missing docstring in public module ; 1 blank line required between summary line and description ; First line should end with a period ; trailing whitespace ; no newline at end of file,5
./Data/generation/python_italian_gpt/iter_1/files/62b8b99de0d34b282c1811f8.py,D100 ; W291 ; D200 ; D400 ; W292,Missing docstring in public module ; trailing whitespace ; One-line docstring should fit on one line with quotes ; First line should end with a period ; no newline at end of file,5
./Data/generation/python_italian_gpt/iter_1/files/62b8bbbce0d34b282c18120d.py,D100 ; E302 ; D205 ; E501 ; W292,"Missing docstring in public module ; expected 2 blank lines, found 1 ; 1 blank line required between summary line and description ; line too long (86 > 79 characters) ; no newline at end of file",5
./Data/generation/python_italian_gpt/iter_1/files/62b8bbbfe0d34b282c18120f.py,D100 ; D205 ; E501 ; F841 ; W292,Missing docstring in public module ; 1 blank line required between summary line and description ; line too long (105 > 79 characters) ; local variable 'e' is assigned to but never used ; no newline at end of file,5
./Data/generation/python_italian_gpt/iter_1/files/62b8bbbfe0d34b282c181210.py,D100 ; D205 ; D400 ; W291 ; W291 ; W291 ; W291 ; W291 ; W291 ; W291 ; W291 ; W291 ; W291 ; E501 ; W291 ; W291 ; F841 ; W292,Missing docstring in public module ; 1 blank line required between summary line and description ; First line should end with a period ; trailing whitespace ; trailing whitespace ; trailing whitespace ; trailing whitespace ; trailing whitespace ; trailing whitespace ; trailing whitespace ; trailing whitespace ; trailing whitespace ; trailing whitespace ; line too long (83 > 79 characters) ; trailing whitespace ; trailing whitespace ; local variable 'e' is assigned to but never used ; no newline at end of file,18
./Data/generation/python_italian_gpt/iter_1/files/62b8c517e0d34b282c18122e.py,D100 ; D103 ; E501 ; E501 ; W292,Missing docstring in public module ; Missing docstring in public function ; line too long (86 > 79 characters) ; line too long (112 > 79 characters) ; no newline at end of file,5
./Data/generation/python_italian_gpt/iter_1/files/62b8d22548ba5a41d1c3f472.py,CCR001 ; D100 ; F821 ; D200 ; D401 ; E501 ; W292,Cognitive complexity is too high (11 > 7) ; Missing docstring in public module ; undefined name 'hashkey' ; One-line docstring should fit on one line with quotes ; First line should be in imperative mood ; line too long (127 > 79 characters) ; no newline at end of file,7
./Data/generation/python_italian_gpt/iter_1/files/62b8d22948ba5a41d1c3f47c.py,D100 ; D200 ; D402 ; E501 ; W292,"Missing docstring in public module ; One-line docstring should fit on one line with quotes ; First line should not be the function's ""signature"" ; line too long (108 > 79 characters) ; no newline at end of file",5
./Data/generation/python_italian_gpt/iter_1/files/62b8d22a48ba5a41d1c3f47d.py,D100 ; F821 ; D205 ; D400 ; D402 ; E501 ; W291 ; E501 ; W292,"Missing docstring in public module ; undefined name '__marker' ; 1 blank line required between summary line and description ; First line should end with a period ; First line should not be the function's ""signature"" ; line too long (92 > 79 characters) ; trailing whitespace ; line too long (118 > 79 characters) ; no newline at end of file",9
./Data/generation/python_italian_gpt/iter_1/files/62b8d22a48ba5a41d1c3f47e.py,D100 ; D200 ; D402 ; E501 ; W292,"Missing docstring in public module ; One-line docstring should fit on one line with quotes ; First line should not be the function's ""signature"" ; line too long (93 > 79 characters) ; no newline at end of file",5
./Data/generation/python_italian_gpt/iter_1/files/62b8d22f48ba5a41d1c3f488.py,D100 ; D200 ; W293 ; W292,Missing docstring in public module ; One-line docstring should fit on one line with quotes ; blank line contains whitespace ; no newline at end of file,4
./Data/generation/python_italian_gpt/iter_1/files/62b8d23748ba5a41d1c3f496.py,CCR001 ; D100 ; D205 ; D400 ; D401 ; E501 ; E501 ; W292,Cognitive complexity is too high (18 > 7) ; Missing docstring in public module ; 1 blank line required between summary line and description ; First line should end with a period ; First line should be in imperative mood ; line too long (83 > 79 characters) ; line too long (95 > 79 characters) ; no newline at end of file,8
./Data/generation/python_italian_gpt/iter_1/files/62b8d23748ba5a41d1c3f497.py,D100 ; D200 ; E501 ; W293 ; W293 ; W293 ; W292,Missing docstring in public module ; One-line docstring should fit on one line with quotes ; line too long (86 > 79 characters) ; blank line contains whitespace ; blank line contains whitespace ; blank line contains whitespace ; no newline at end of file,7
./Data/generation/python_italian_gpt/iter_1/files/62b8d23948ba5a41d1c3f498.py,CCR001 ; D100 ; D205 ; D400 ; D401 ; E501 ; E501 ; W292,Cognitive complexity is too high (9 > 7) ; Missing docstring in public module ; 1 blank line required between summary line and description ; First line should end with a period ; First line should be in imperative mood ; line too long (80 > 79 characters) ; line too long (83 > 79 characters) ; no newline at end of file,8
./Data/generation/python_italian_gpt/iter_1/files/62b8d23a48ba5a41d1c3f499.py,D100 ; D200 ; E501 ; W293 ; W293 ; W292,Missing docstring in public module ; One-line docstring should fit on one line with quotes ; line too long (84 > 79 characters) ; blank line contains whitespace ; blank line contains whitespace ; no newline at end of file,6
./Data/generation/python_italian_gpt/iter_1/files/62b8d23b48ba5a41d1c3f49a.py,CCR001 ; D100 ; D205 ; D400 ; D401 ; E501 ; E501 ; W292,Cognitive complexity is too high (9 > 7) ; Missing docstring in public module ; 1 blank line required between summary line and description ; First line should end with a period ; First line should be in imperative mood ; line too long (84 > 79 characters) ; line too long (90 > 79 characters) ; no newline at end of file,8
./Data/generation/python_italian_gpt/iter_1/files/62b8d23c48ba5a41d1c3f49b.py,D100 ; W291 ; D200 ; E501 ; W293 ; W292,Missing docstring in public module ; trailing whitespace ; One-line docstring should fit on one line with quotes ; line too long (81 > 79 characters) ; blank line contains whitespace ; no newline at end of file,6
./Data/generation/python_italian_gpt/iter_1/files/62b8d23e48ba5a41d1c3f49e.py,D100 ; E302 ; D200 ; W292,"Missing docstring in public module ; expected 2 blank lines, found 1 ; One-line docstring should fit on one line with quotes ; no newline at end of file",4
./Data/generation/python_italian_gpt/iter_1/files/62b8d24048ba5a41d1c3f49f.py,D100 ; CCR001 ; E302 ; D205 ; D400 ; D401 ; E501 ; W291 ; E501 ; W291 ; CCR001 ; W292,"Missing docstring in public module ; Cognitive complexity is too high (14 > 7) ; expected 2 blank lines, found 1 ; 1 blank line required between summary line and description ; First line should end with a period ; First line should be in imperative mood ; line too long (98 > 79 characters) ; trailing whitespace ; line too long (92 > 79 characters) ; trailing whitespace ; Cognitive complexity is too high (10 > 7) ; no newline at end of file",12
./Data/generation/python_italian_gpt/iter_1/files/62b8d27a48ba5a41d1c3f4c6.py,D100 ; F821 ; D205 ; D400 ; D401 ; E501 ; W291 ; W292,Missing docstring in public module ; undefined name 'hashkey' ; 1 blank line required between summary line and description ; First line should end with a period ; First line should be in imperative mood ; line too long (85 > 79 characters) ; trailing whitespace ; no newline at end of file,8
./Data/generation/python_italian_gpt/iter_1/files/62e4fb4d85ea9864308902e7.py,D100 ; D103 ; W292,Missing docstring in public module ; Missing docstring in public function ; no newline at end of file,3
./Data/generation/python_italian_gpt/iter_1/files/62e4fb6585ea98643089032b.py,D100 ; D400 ; D403 ; W292,Missing docstring in public module ; First line should end with a period ; First word of the first line should be properly capitalized ; no newline at end of file,4
./Data/generation/python_italian_gpt/iter_1/files/62e4fbda85ea986430890403.py,D100 ; E302 ; D400 ; W292,"Missing docstring in public module ; expected 2 blank lines, found 1 ; First line should end with a period ; no newline at end of file",4
./Data/generation/python_italian_gpt/iter_1/files/62e4fbda85ea986430890405.py,D100 ; D103 ; F821 ; B008 ; F821 ; F821 ; E501 ; W292,"Missing docstring in public module ; Missing docstring in public function ; undefined name 'Sequence' ; Do not perform function calls in argument defaults.  The call is performed only once at function definition time. All calls to your function will reuse the result of that definition-time function call.  If this is intended, assign the function call to a module-level variable and use that variable as a default value. ; undefined name '_get_platform_max_length' ; undefined name 'Any' ; line too long (84 > 79 characters) ; no newline at end of file",8
./Data/generation/python_italian_gpt/iter_1/files/62e4fc3c85ea98643089041e.py,D100 ; D200 ; E501 ; W292,Missing docstring in public module ; One-line docstring should fit on one line with quotes ; line too long (210 > 79 characters) ; no newline at end of file,4
./Data/generation/python_italian_gpt/iter_1/files/62e5dc9ed76274f8a4026b5b.py,D100 ; D103 ; W292,Missing docstring in public module ; Missing docstring in public function ; no newline at end of file,3
./Data/generation/python_italian_gpt/iter_1/files/62e60707d76274f8a4026b69.py,D100 ; D200 ; W292,Missing docstring in public module ; One-line docstring should fit on one line with quotes ; no newline at end of file,3
./Data/generation/python_italian_gpt/iter_1/files/62e60723d76274f8a4026b75.py,D100 ; D400 ; W292,Missing docstring in public module ; First line should end with a period ; no newline at end of file,3
./Data/generation/python_italian_gpt/iter_1/files/62e60723d76274f8a4026b76.py,D100 ; E501 ; E501 ; W293 ; W292,Missing docstring in public module ; line too long (90 > 79 characters) ; line too long (91 > 79 characters) ; blank line contains whitespace ; no newline at end of file,5
./Data/generation/python_italian_gpt/iter_1/files/62e60873d76274f8a4026bd8.py,D100 ; D205 ; D400 ; E501 ; E501 ; E501 ; E501 ; E501 ; W293 ; W292,Missing docstring in public module ; 1 blank line required between summary line and description ; First line should end with a period ; line too long (82 > 79 characters) ; line too long (87 > 79 characters) ; line too long (81 > 79 characters) ; line too long (80 > 79 characters) ; line too long (80 > 79 characters) ; blank line contains whitespace ; no newline at end of file,10
./Data/generation/python_italian_gpt/iter_1/files/62e60879d76274f8a4026bec.py,D100 ; E501 ; E501 ; E501 ; E501 ; E501 ; E501 ; E501 ; E501 ; E501 ; W292,Missing docstring in public module ; line too long (84 > 79 characters) ; line too long (105 > 79 characters) ; line too long (87 > 79 characters) ; line too long (95 > 79 characters) ; line too long (91 > 79 characters) ; line too long (88 > 79 characters) ; line too long (84 > 79 characters) ; line too long (88 > 79 characters) ; line too long (134 > 79 characters) ; no newline at end of file,11
./Data/generation/python_italian_gpt/iter_1/files/62e6087ad76274f8a4026bf2.py,D100 ; E501 ; E501 ; E501 ; E501 ; E501 ; C812 ; W293 ; W292,Missing docstring in public module ; line too long (87 > 79 characters) ; line too long (95 > 79 characters) ; line too long (91 > 79 characters) ; line too long (88 > 79 characters) ; line too long (92 > 79 characters) ; missing trailing comma ; blank line contains whitespace ; no newline at end of file,9
./Data/generation/python_italian_gpt/iter_1/files/62e6087bd76274f8a4026bfa.py,D100 ; D200 ; E501 ; W293 ; W293 ; W292,Missing docstring in public module ; One-line docstring should fit on one line with quotes ; line too long (120 > 79 characters) ; blank line contains whitespace ; blank line contains whitespace ; no newline at end of file,6
./Data/generation/python_italian_gpt/iter_1/files/62e60b10d76274f8a4026ccd.py,CCR001 ; D100 ; E501 ; E501 ; W291 ; W291 ; W291 ; W292,Cognitive complexity is too high (15 > 7) ; Missing docstring in public module ; line too long (361 > 79 characters) ; line too long (120 > 79 characters) ; trailing whitespace ; trailing whitespace ; trailing whitespace ; no newline at end of file,8
./Data/generation/python_italian_gpt/iter_1/files/62e60da4d76274f8a4026cf1.py,D100 ; E501 ; E501 ; W291 ; W291 ; W293 ; W292,Missing docstring in public module ; line too long (139 > 79 characters) ; line too long (132 > 79 characters) ; trailing whitespace ; trailing whitespace ; blank line contains whitespace ; no newline at end of file,7
./Data/generation/python_italian_gpt/iter_1/files/62e60e05d76274f8a4026cfd.py,D100 ; W291 ; W291 ; W292,Missing docstring in public module ; trailing whitespace ; trailing whitespace ; no newline at end of file,4
./Data/generation/python_italian_gpt/iter_1/files/62e60e3bd76274f8a4026d1a.py,D100 ; E501 ; E501 ; W292,Missing docstring in public module ; line too long (83 > 79 characters) ; line too long (82 > 79 characters) ; no newline at end of file,4
./Data/generation/python_italian_gpt/iter_1/files/62e60e49d76274f8a4026d25.py,D100 ; E501 ; W291 ; W291 ; E501 ; W291 ; W291 ; E501 ; W291 ; W291 ; W291 ; W291 ; E501 ; W291 ; E501 ; W291 ; E501 ; W291 ; W291 ; E501 ; W291 ; E501 ; W291 ; W291 ; W292,Missing docstring in public module ; line too long (138 > 79 characters) ; trailing whitespace ; trailing whitespace ; line too long (168 > 79 characters) ; trailing whitespace ; trailing whitespace ; line too long (243 > 79 characters) ; trailing whitespace ; trailing whitespace ; trailing whitespace ; trailing whitespace ; line too long (121 > 79 characters) ; trailing whitespace ; line too long (96 > 79 characters) ; trailing whitespace ; line too long (147 > 79 characters) ; trailing whitespace ; trailing whitespace ; line too long (94 > 79 characters) ; trailing whitespace ; line too long (86 > 79 characters) ; trailing whitespace ; trailing whitespace ; no newline at end of file,25
./Data/generation/python_italian_gpt/iter_1/files/62e60ecfd76274f8a4026d6a.py,D100 ; E501 ; E501 ; E501 ; E501 ; E501 ; E501 ; E501 ; W292,Missing docstring in public module ; line too long (382 > 79 characters) ; line too long (87 > 79 characters) ; line too long (87 > 79 characters) ; line too long (80 > 79 characters) ; line too long (80 > 79 characters) ; line too long (88 > 79 characters) ; line too long (133 > 79 characters) ; no newline at end of file,9
./Data/generation/python_italian_gpt/iter_1/files/62e60ed4d76274f8a4026da0.py,D100 ; W291 ; D400 ; W291 ; W291 ; W292,Missing docstring in public module ; trailing whitespace ; First line should end with a period ; trailing whitespace ; trailing whitespace ; no newline at end of file,6
./Data/generation/python_italian_gpt/iter_1/files/62e60f33d76274f8a4026de9.py,D100 ; W291 ; W291 ; W291 ; F821 ; W293 ; C812 ; W292,Missing docstring in public module ; trailing whitespace ; trailing whitespace ; trailing whitespace ; undefined name 'Point' ; blank line contains whitespace ; missing trailing comma ; no newline at end of file,8
./Data/generation/python_italian_gpt/iter_1/files/62e60f37d76274f8a4026dfd.py,D100 ; W291 ; W292,Missing docstring in public module ; trailing whitespace ; no newline at end of file,3
./Data/generation/python_italian_gpt/iter_1/files/62e60f3bd76274f8a4026e10.py,D100 ; E302 ; W291 ; W291 ; W291 ; W293 ; W293 ; C812 ; W292,"Missing docstring in public module ; expected 2 blank lines, found 1 ; trailing whitespace ; trailing whitespace ; trailing whitespace ; blank line contains whitespace ; blank line contains whitespace ; missing trailing comma ; no newline at end of file",9
./Data/generation/python_italian_gpt/iter_1/files/62e60f43d76274f8a4026e28.py,D100 ; W291 ; W291 ; E501 ; W292,Missing docstring in public module ; trailing whitespace ; trailing whitespace ; line too long (85 > 79 characters) ; no newline at end of file,5
./Data/generation/python_italian_gpt/iter_1/files/62ece4982e6aefcf4aabbd5f.py,D100 ; D205 ; D400 ; W291 ; W291 ; E501 ; W291 ; W291 ; W291 ; W292,Missing docstring in public module ; 1 blank line required between summary line and description ; First line should end with a period ; trailing whitespace ; trailing whitespace ; line too long (89 > 79 characters) ; trailing whitespace ; trailing whitespace ; trailing whitespace ; no newline at end of file,10
./Data/generation/python_italian_gpt/iter_1/files/62ece4982e6aefcf4aabbd60.py,D100 ; E501 ; E501 ; W293 ; W292,Missing docstring in public module ; line too long (115 > 79 characters) ; line too long (97 > 79 characters) ; blank line contains whitespace ; no newline at end of file,5
./Data/generation/python_italian_gpt/iter_1/files/62ece4982e6aefcf4aabbd61.py,D100 ; W293 ; W292,Missing docstring in public module ; blank line contains whitespace ; no newline at end of file,3
./Data/generation/python_italian_gpt/iter_1/files/62ece4982e6aefcf4aabbd62.py,D100 ; D200 ; E501 ; W292,Missing docstring in public module ; One-line docstring should fit on one line with quotes ; line too long (100 > 79 characters) ; no newline at end of file,4
./Data/generation/python_italian_gpt/iter_1/files/62ece4982e6aefcf4aabbd63.py,D100 ; D200 ; W292,Missing docstring in public module ; One-line docstring should fit on one line with quotes ; no newline at end of file,3
./Data/generation/python_italian_gpt/iter_1/files/62ece4982e6aefcf4aabbd64.py,D100 ; D200 ; W293 ; W292,Missing docstring in public module ; One-line docstring should fit on one line with quotes ; blank line contains whitespace ; no newline at end of file,4
./Data/generation/python_italian_gpt/iter_1/files/62ece4982e6aefcf4aabbd65.py,D100 ; D205 ; D400 ; E501 ; W291 ; E501 ; W292,Missing docstring in public module ; 1 blank line required between summary line and description ; First line should end with a period ; line too long (118 > 79 characters) ; trailing whitespace ; line too long (102 > 79 characters) ; no newline at end of file,7
./Data/generation/python_italian_gpt/iter_1/files/62ece4982e6aefcf4aabbd66.py,D100 ; E501 ; E501 ; E501 ; E501 ; W292,Missing docstring in public module ; line too long (84 > 79 characters) ; line too long (91 > 79 characters) ; line too long (82 > 79 characters) ; line too long (107 > 79 characters) ; no newline at end of file,6
./Data/generation/python_italian_gpt/iter_1/files/62ece4982e6aefcf4aabbd67.py,D100 ; D300 ; D400 ; E501 ; W291 ; W291 ; W291 ; W291 ; W292,"Missing docstring in public module ; Use """"""triple double quotes"""""" ; First line should end with a period ; line too long (127 > 79 characters) ; trailing whitespace ; trailing whitespace ; trailing whitespace ; trailing whitespace ; no newline at end of file",9
./Data/generation/python_italian_gpt/iter_1/files/62ece4982e6aefcf4aabbd68.py,D100 ; D103 ; E302 ; E501 ; W293 ; W293 ; W293 ; W293 ; W292,"Missing docstring in public module ; Missing docstring in public function ; expected 2 blank lines, found 1 ; line too long (90 > 79 characters) ; blank line contains whitespace ; blank line contains whitespace ; blank line contains whitespace ; blank line contains whitespace ; no newline at end of file",9
./Data/generation/python_italian_gpt/iter_1/files/62ece4982e6aefcf4aabbd69.py,D100 ; E501 ; W291 ; E501 ; W291 ; W291 ; W292,Missing docstring in public module ; line too long (119 > 79 characters) ; trailing whitespace ; line too long (85 > 79 characters) ; trailing whitespace ; trailing whitespace ; no newline at end of file,7
./Data/generation/python_italian_gpt/iter_1/files/62ece4982e6aefcf4aabbd6a.py,D100 ; W291 ; D200 ; D400 ; W292,Missing docstring in public module ; trailing whitespace ; One-line docstring should fit on one line with quotes ; First line should end with a period ; no newline at end of file,5
./Data/generation/python_italian_gpt/iter_1/files/62ece4982e6aefcf4aabbd6b.py,D100 ; D200 ; W292,Missing docstring in public module ; One-line docstring should fit on one line with quotes ; no newline at end of file,3
./Data/generation/python_italian_gpt/iter_1/files/62ece4982e6aefcf4aabbd6d.py,D100 ; E302 ; D400 ; W291 ; W292,"Missing docstring in public module ; expected 2 blank lines, found 1 ; First line should end with a period ; trailing whitespace ; no newline at end of file",5
./Data/generation/python_italian_gpt/iter_1/files/62ece4982e6aefcf4aabbd6f.py,D100 ; E302 ; D205 ; D400 ; E501 ; W291 ; E501 ; E501 ; E501 ; W292,"Missing docstring in public module ; expected 2 blank lines, found 1 ; 1 blank line required between summary line and description ; First line should end with a period ; line too long (136 > 79 characters) ; trailing whitespace ; line too long (99 > 79 characters) ; line too long (86 > 79 characters) ; line too long (83 > 79 characters) ; no newline at end of file",10
./Data/generation/python_italian_gpt/iter_1/files/62ece4982e6aefcf4aabbd70.py,D100 ; E302 ; D400 ; W292,"Missing docstring in public module ; expected 2 blank lines, found 1 ; First line should end with a period ; no newline at end of file",4
./Data/generation/python_italian_gpt/iter_1/files/62ece4982e6aefcf4aabbd71.py,D100 ; E302 ; E501 ; W292,"Missing docstring in public module ; expected 2 blank lines, found 1 ; line too long (156 > 79 characters) ; no newline at end of file",4
./Data/generation/python_italian_gpt/iter_1/files/62ece4982e6aefcf4aabbd72.py,D100 ; D200 ; W292,Missing docstring in public module ; One-line docstring should fit on one line with quotes ; no newline at end of file,3
./Data/generation/python_italian_gpt/iter_1/files/62ece4982e6aefcf4aabbd73.py,D100 ; E302 ; D205 ; D400 ; D402 ; E501 ; W291 ; E501 ; W291 ; W291 ; W291 ; W291 ; E501 ; W292,"Missing docstring in public module ; expected 2 blank lines, found 1 ; 1 blank line required between summary line and description ; First line should end with a period ; First line should not be the function's ""signature"" ; line too long (102 > 79 characters) ; trailing whitespace ; line too long (131 > 79 characters) ; trailing whitespace ; trailing whitespace ; trailing whitespace ; trailing whitespace ; line too long (91 > 79 characters) ; no newline at end of file",14
./Data/generation/python_italian_gpt/iter_1/files/62ece4982e6aefcf4aabbd74.py,D100 ; F401 ; E302 ; D205 ; D400 ; W291 ; E501 ; W293 ; W293 ; W293 ; E501 ; W293 ; E501 ; W293 ; W292,"Missing docstring in public module ; 'shutil' imported but unused ; expected 2 blank lines, found 1 ; 1 blank line required between summary line and description ; First line should end with a period ; trailing whitespace ; line too long (93 > 79 characters) ; blank line contains whitespace ; blank line contains whitespace ; blank line contains whitespace ; line too long (81 > 79 characters) ; blank line contains whitespace ; line too long (84 > 79 characters) ; blank line contains whitespace ; no newline at end of file",15
./Data/generation/python_italian_gpt/iter_1/files/62ece4982e6aefcf4aabbd75.py,D100 ; D200 ; E501 ; E501 ; W293 ; W293 ; E501 ; W293 ; W292,Missing docstring in public module ; One-line docstring should fit on one line with quotes ; line too long (229 > 79 characters) ; line too long (98 > 79 characters) ; blank line contains whitespace ; blank line contains whitespace ; line too long (93 > 79 characters) ; blank line contains whitespace ; no newline at end of file,9
./Data/generation/python_italian_gpt/iter_1/files/62ece4982e6aefcf4aabbd76.py,D100 ; D400 ; W292,Missing docstring in public module ; First line should end with a period ; no newline at end of file,3
./Data/generation/python_italian_gpt/iter_1/files/62ece4982e6aefcf4aabbd77.py,D100 ; E302 ; D205 ; D400 ; E501 ; E501 ; E501 ; C812 ; W292,"Missing docstring in public module ; expected 2 blank lines, found 1 ; 1 blank line required between summary line and description ; First line should end with a period ; line too long (96 > 79 characters) ; line too long (105 > 79 characters) ; line too long (85 > 79 characters) ; missing trailing comma ; no newline at end of file",9
./Data/generation/python_italian_gpt/iter_1/files/62ece4992e6aefcf4aabbd78.py,D100 ; W291 ; W292,Missing docstring in public module ; trailing whitespace ; no newline at end of file,3
./Data/generation/python_italian_gpt/iter_1/files/62ece4992e6aefcf4aabbd79.py,D100 ; E501 ; W292,Missing docstring in public module ; line too long (179 > 79 characters) ; no newline at end of file,3
./Data/generation/python_italian_gpt/iter_1/files/62ece4992e6aefcf4aabbd7a.py,D100 ; E302 ; D400 ; E501 ; W292,"Missing docstring in public module ; expected 2 blank lines, found 1 ; First line should end with a period ; line too long (93 > 79 characters) ; no newline at end of file",5
./Data/generation/python_italian_gpt/iter_1/files/62ece4992e6aefcf4aabbd7b.py,D100 ; E302 ; E501 ; D205 ; D400 ; E501 ; W291 ; E501 ; W293 ; E501 ; W293 ; W293 ; W292,"Missing docstring in public module ; expected 2 blank lines, found 1 ; line too long (87 > 79 characters) ; 1 blank line required between summary line and description ; First line should end with a period ; line too long (124 > 79 characters) ; trailing whitespace ; line too long (185 > 79 characters) ; blank line contains whitespace ; line too long (104 > 79 characters) ; blank line contains whitespace ; blank line contains whitespace ; no newline at end of file",13
./Data/generation/python_italian_gpt/iter_1/files/62ece4992e6aefcf4aabbd7c.py,D100 ; D205 ; D400 ; D401 ; W291 ; E501 ; E501 ; W292,Missing docstring in public module ; 1 blank line required between summary line and description ; First line should end with a period ; First line should be in imperative mood ; trailing whitespace ; line too long (93 > 79 characters) ; line too long (95 > 79 characters) ; no newline at end of file,8
./Data/generation/python_italian_gpt/iter_1/files/62ece4992e6aefcf4aabbd7d.py,D100 ; E501 ; W292,Missing docstring in public module ; line too long (84 > 79 characters) ; no newline at end of file,3
./Data/generation/python_italian_gpt/iter_1/files/62ece4992e6aefcf4aabbd7e.py,D100 ; E302 ; D205 ; D400 ; E501 ; W291 ; E501 ; W293 ; W293 ; E501 ; W293 ; W292,"Missing docstring in public module ; expected 2 blank lines, found 1 ; 1 blank line required between summary line and description ; First line should end with a period ; line too long (107 > 79 characters) ; trailing whitespace ; line too long (120 > 79 characters) ; blank line contains whitespace ; blank line contains whitespace ; line too long (108 > 79 characters) ; blank line contains whitespace ; no newline at end of file",12
./Data/generation/python_italian_gpt/iter_1/files/62ece4992e6aefcf4aabbd7f.py,D100 ; E302 ; F821 ; W293 ; W293 ; W293 ; W292,"Missing docstring in public module ; expected 2 blank lines, found 1 ; undefined name 'Tuple' ; blank line contains whitespace ; blank line contains whitespace ; blank line contains whitespace ; no newline at end of file",7
./Data/generation/python_italian_gpt/iter_1/files/62ece4992e6aefcf4aabbd80.py,CCR001 ; D100 ; E501 ; E501 ; E501 ; E501 ; W292,Cognitive complexity is too high (8 > 7) ; Missing docstring in public module ; line too long (101 > 79 characters) ; line too long (101 > 79 characters) ; line too long (91 > 79 characters) ; line too long (86 > 79 characters) ; no newline at end of file,7
./Data/generation/python_italian_gpt/iter_1/files/62ece4992e6aefcf4aabbd82.py,D100 ; E302 ; D200 ; D400 ; W292,"Missing docstring in public module ; expected 2 blank lines, found 1 ; One-line docstring should fit on one line with quotes ; First line should end with a period ; no newline at end of file",5
./Data/generation/python_italian_gpt/iter_1/files/62ece4992e6aefcf4aabbd83.py,D100 ; CCR001 ; E302 ; E501 ; D200 ; W293 ; W293 ; W292,"Missing docstring in public module ; Cognitive complexity is too high (8 > 7) ; expected 2 blank lines, found 1 ; line too long (86 > 79 characters) ; One-line docstring should fit on one line with quotes ; blank line contains whitespace ; blank line contains whitespace ; no newline at end of file",8
./Data/generation/python_italian_gpt/iter_1/files/62ece4992e6aefcf4aabbd84.py,D100 ; D200 ; E501 ; W292,Missing docstring in public module ; One-line docstring should fit on one line with quotes ; line too long (177 > 79 characters) ; no newline at end of file,4
./Data/generation/python_italian_gpt/iter_1/files/62ece4992e6aefcf4aabbd85.py,D100 ; D103 ; E302 ; F821 ; C812 ; F821 ; W292,"Missing docstring in public module ; Missing docstring in public function ; expected 2 blank lines, found 1 ; undefined name 'Node' ; missing trailing comma ; undefined name 'Node' ; no newline at end of file",7
./Data/generation/python_italian_gpt/iter_1/files/62ece4992e6aefcf4aabbd86.py,D100 ; D200 ; W292,Missing docstring in public module ; One-line docstring should fit on one line with quotes ; no newline at end of file,3
./Data/generation/python_italian_gpt/iter_1/files/62ece4992e6aefcf4aabbd87.py,D100 ; E302 ; D200 ; E501 ; E501 ; W292,"Missing docstring in public module ; expected 2 blank lines, found 1 ; One-line docstring should fit on one line with quotes ; line too long (83 > 79 characters) ; line too long (89 > 79 characters) ; no newline at end of file",6
./Data/generation/python_italian_gpt/iter_1/files/62ece4992e6aefcf4aabbd88.py,D100 ; E302 ; B008 ; W292,"Missing docstring in public module ; expected 2 blank lines, found 1 ; Do not perform function calls in argument defaults.  The call is performed only once at function definition time. All calls to your function will reuse the result of that definition-time function call.  If this is intended, assign the function call to a module-level variable and use that variable as a default value. ; no newline at end of file",4
./Data/generation/python_italian_gpt/iter_1/files/62ece4992e6aefcf4aabbd89.py,D100 ; E302 ; D200 ; E501 ; W292,"Missing docstring in public module ; expected 2 blank lines, found 1 ; One-line docstring should fit on one line with quotes ; line too long (159 > 79 characters) ; no newline at end of file",5
./Data/generation/python_italian_gpt/iter_1/files/62ece4992e6aefcf4aabbd8a.py,D100 ; E302 ; D205 ; E501 ; E501 ; E501 ; E501 ; E501 ; W292,"Missing docstring in public module ; expected 2 blank lines, found 1 ; 1 blank line required between summary line and description ; line too long (101 > 79 characters) ; line too long (113 > 79 characters) ; line too long (92 > 79 characters) ; line too long (82 > 79 characters) ; line too long (90 > 79 characters) ; no newline at end of file",9
./Data/generation/python_italian_gpt/iter_1/files/62ece4992e6aefcf4aabbd8b.py,D100 ; D200 ; E501 ; W292,Missing docstring in public module ; One-line docstring should fit on one line with quotes ; line too long (133 > 79 characters) ; no newline at end of file,4
./Data/generation/python_italian_gpt/iter_1/files/6305f9991d275c6667163c50.py,D100 ; W292,Missing docstring in public module ; no newline at end of file,2
./Data/generation/python_italian_gpt/iter_1/files/6306091073426c38ae68acac.py,D100 ; E501 ; E501 ; W292,Missing docstring in public module ; line too long (96 > 79 characters) ; line too long (85 > 79 characters) ; no newline at end of file,4
./Data/generation/python_italian_gpt/iter_1/files/6306091a73426c38ae68acc8.py,D100 ; D200 ; D400 ; F821 ; E501 ; W292,Missing docstring in public module ; One-line docstring should fit on one line with quotes ; First line should end with a period ; undefined name 'os' ; line too long (101 > 79 characters) ; no newline at end of file,6
./Data/generation/python_italian_gpt/iter_1/files/6306091b73426c38ae68acd7.py,D100 ; W291 ; D200 ; F401 ; F401 ; F401 ; F401 ; C812 ; W292,Missing docstring in public module ; trailing whitespace ; One-line docstring should fit on one line with quotes ; 'ansible.playbook.play.Play' imported but unused ; 'ansible.executor.task_queue_manager.TaskQueueManager' imported but unused ; 'ansible.inventory.group.Group' imported but unused ; 'ansible.inventory.host.Host' imported but unused ; missing trailing comma ; no newline at end of file,9
./Data/generation/python_italian_gpt/iter_1/files/6306091b73426c38ae68acd9.py,D100 ; D200 ; W292,Missing docstring in public module ; One-line docstring should fit on one line with quotes ; no newline at end of file,3
./Data/generation/python_italian_gpt/iter_1/files/6306091b73426c38ae68acda.py,D100 ; W291 ; D200 ; W292,Missing docstring in public module ; trailing whitespace ; One-line docstring should fit on one line with quotes ; no newline at end of file,4
./Data/generation/python_italian_gpt/iter_1/files/6306091c73426c38ae68acdc.py,D100 ; F821 ; F821 ; F821 ; E501 ; W292,Missing docstring in public module ; undefined name 'IRValidatorException' ; undefined name 'IRValidatorException' ; undefined name 'IRValidatorException' ; line too long (91 > 79 characters) ; no newline at end of file,6
./Data/generation/python_italian_gpt/iter_1/files/6306091c73426c38ae68acdd.py,D100 ; E501 ; F821 ; E501 ; W292,Missing docstring in public module ; line too long (91 > 79 characters) ; undefined name 'IRValidatorException' ; line too long (104 > 79 characters) ; no newline at end of file,5
./Data/generation/python_italian_gpt/iter_1/files/6306091d73426c38ae68ace5.py,D100 ; D200 ; D400 ; W292,Missing docstring in public module ; One-line docstring should fit on one line with quotes ; First line should end with a period ; no newline at end of file,4
./Data/generation/python_italian_gpt/iter_1/files/6306092373426c38ae68acfa.py,D100 ; W291 ; D200 ; F821 ; F821 ; W293 ; C812 ; W293 ; W293 ; W292,Missing docstring in public module ; trailing whitespace ; One-line docstring should fit on one line with quotes ; undefined name 'json' ; undefined name 'json' ; blank line contains whitespace ; missing trailing comma ; blank line contains whitespace ; blank line contains whitespace ; no newline at end of file,10
./Data/generation/python_italian_gpt/iter_1/files/6306092973426c38ae68ad01.py,D100 ; D200 ; W292,Missing docstring in public module ; One-line docstring should fit on one line with quotes ; no newline at end of file,3
./Data/generation/python_italian_gpt/iter_1/files/6306092c73426c38ae68ad02.py,D100 ; E501 ; W293 ; W292,Missing docstring in public module ; line too long (85 > 79 characters) ; blank line contains whitespace ; no newline at end of file,4
./Data/generation/python_italian_gpt/iter_1/files/6306092d73426c38ae68ad04.py,D100 ; D400 ; C812 ; W293 ; W292,Missing docstring in public module ; First line should end with a period ; missing trailing comma ; blank line contains whitespace ; no newline at end of file,5
./Data/generation/python_italian_gpt/iter_1/files/6306092d73426c38ae68ad05.py,D100 ; D200 ; W293 ; W293 ; W292,Missing docstring in public module ; One-line docstring should fit on one line with quotes ; blank line contains whitespace ; blank line contains whitespace ; no newline at end of file,5
./Data/generation/python_italian_gpt/iter_1/files/6306092d73426c38ae68ad06.py,D100 ; W292,Missing docstring in public module ; no newline at end of file,2
./Data/generation/python_italian_gpt/iter_1/files/6306092d73426c38ae68ad07.py,D100 ; D200 ; E501 ; W293 ; E501 ; W292,Missing docstring in public module ; One-line docstring should fit on one line with quotes ; line too long (94 > 79 characters) ; blank line contains whitespace ; line too long (82 > 79 characters) ; no newline at end of file,6
./Data/generation/python_italian_gpt/iter_1/files/6306092d73426c38ae68ad08.py,D100 ; W293 ; W293 ; E302 ; W292,"Missing docstring in public module ; blank line contains whitespace ; blank line contains whitespace ; expected 2 blank lines, found 1 ; no newline at end of file",5
./Data/generation/python_italian_gpt/iter_1/files/6306092e73426c38ae68ad09.py,D100 ; W291 ; D400 ; W291 ; W291 ; E501 ; W292,Missing docstring in public module ; trailing whitespace ; First line should end with a period ; trailing whitespace ; trailing whitespace ; line too long (97 > 79 characters) ; no newline at end of file,7
./Data/generation/python_italian_gpt/iter_1/files/6306092e73426c38ae68ad0a.py,D100 ; W291 ; D400 ; E501 ; W291 ; W291 ; E501 ; E501 ; W292,Missing docstring in public module ; trailing whitespace ; First line should end with a period ; line too long (84 > 79 characters) ; trailing whitespace ; trailing whitespace ; line too long (83 > 79 characters) ; line too long (105 > 79 characters) ; no newline at end of file,9
./Data/generation/python_italian_gpt/iter_1/files/6306092e73426c38ae68ad0b.py,D100 ; E501 ; W293 ; E501 ; W292,Missing docstring in public module ; line too long (83 > 79 characters) ; blank line contains whitespace ; line too long (94 > 79 characters) ; no newline at end of file,5
./Data/generation/python_italian_gpt/iter_1/files/6306092e73426c38ae68ad0d.py,D100 ; W293 ; W293 ; W292,Missing docstring in public module ; blank line contains whitespace ; blank line contains whitespace ; no newline at end of file,4
./Data/generation/python_italian_gpt/iter_1/files/6306092e73426c38ae68ad0f.py,CCR001 ; D100 ; E501 ; E501 ; E501 ; W293 ; W292,Cognitive complexity is too high (15 > 7) ; Missing docstring in public module ; line too long (82 > 79 characters) ; line too long (84 > 79 characters) ; line too long (85 > 79 characters) ; blank line contains whitespace ; no newline at end of file,7
./Data/generation/python_italian_gpt/iter_1/files/6306092e73426c38ae68ad11.py,D100 ; D400 ; W293 ; W293 ; W292,Missing docstring in public module ; First line should end with a period ; blank line contains whitespace ; blank line contains whitespace ; no newline at end of file,5
./Data/generation/python_italian_gpt/iter_1/files/6306092f73426c38ae68ad13.py,CCR001 ; D100 ; E501 ; E501 ; F401 ; E501 ; E501 ; W292,Cognitive complexity is too high (9 > 7) ; Missing docstring in public module ; line too long (97 > 79 characters) ; line too long (82 > 79 characters) ; 'json' imported but unused ; line too long (103 > 79 characters) ; line too long (84 > 79 characters) ; no newline at end of file,8
./Data/generation/python_italian_gpt/iter_1/files/6306093273426c38ae68ad15.py,D100 ; E501 ; W292,Missing docstring in public module ; line too long (81 > 79 characters) ; no newline at end of file,3
./Data/generation/python_italian_gpt/iter_1/files/63060ada73426c38ae68ad31.py,D100 ; D401 ; E501 ; W292,Missing docstring in public module ; First line should be in imperative mood ; line too long (82 > 79 characters) ; no newline at end of file,4
./Data/generation/python_italian_gpt/iter_1/files/63060b1a73426c38ae68ad3e.py,CCR001 ; D100 ; W291 ; W293 ; W292,Cognitive complexity is too high (10 > 7) ; Missing docstring in public module ; trailing whitespace ; blank line contains whitespace ; no newline at end of file,5
./Data/generation/python_italian_gpt/iter_1/files/63060b1b73426c38ae68ad42.py,D100 ; D200 ; E501 ; E501 ; W292,Missing docstring in public module ; One-line docstring should fit on one line with quotes ; line too long (102 > 79 characters) ; line too long (104 > 79 characters) ; no newline at end of file,5
./Data/generation/python_italian_gpt/iter_1/files/63060b1b73426c38ae68ad43.py,D100 ; E501 ; D103 ; E302 ; W292,"Missing docstring in public module ; line too long (88 > 79 characters) ; Missing docstring in public function ; expected 2 blank lines, found 1 ; no newline at end of file",5
./Data/generation/python_italian_gpt/iter_1/files/6306292052e177c0ba469f09.py,D100 ; F821 ; E501 ; W292,Missing docstring in public module ; undefined name 'RequestType' ; line too long (124 > 79 characters) ; no newline at end of file,4
./Data/generation/python_italian_gpt/iter_1/files/6306292152e177c0ba469f0d.py,D100 ; F821 ; D200 ; F821 ; W292,Missing docstring in public module ; undefined name 'RequestType' ; One-line docstring should fit on one line with quotes ; undefined name 'MatrixRequestType' ; no newline at end of file,5
./Data/generation/python_italian_gpt/iter_1/files/6306292252e177c0ba469f11.py,D100 ; F401 ; E302 ; D200 ; W292,"Missing docstring in public module ; 'datetime.datetime' imported but unused ; expected 2 blank lines, found 1 ; One-line docstring should fit on one line with quotes ; no newline at end of file",5
./Data/generation/python_italian_gpt/iter_1/files/6306292352e177c0ba469f1d.py,E999,SyntaxError: unterminated string literal (detected at line 15),1
./Data/generation/python_italian_gpt/iter_1/files/6306292352e177c0ba469f1e.py,D100 ; D200 ; E501 ; E501 ; W293 ; W293 ; W292,Missing docstring in public module ; One-line docstring should fit on one line with quotes ; line too long (125 > 79 characters) ; line too long (85 > 79 characters) ; blank line contains whitespace ; blank line contains whitespace ; no newline at end of file,7
./Data/generation/python_italian_gpt/iter_1/files/6306292652e177c0ba469f34.py,D100 ; E302 ; D200 ; E501 ; W292,"Missing docstring in public module ; expected 2 blank lines, found 1 ; One-line docstring should fit on one line with quotes ; line too long (86 > 79 characters) ; no newline at end of file",5
./Data/generation/python_italian_gpt/iter_1/files/6306292a52e177c0ba469f41.py,D100 ; D200 ; W292,Missing docstring in public module ; One-line docstring should fit on one line with quotes ; no newline at end of file,3
./Data/generation/python_italian_gpt/iter_1/files/6306298b52e177c0ba469fdc.py,D100 ; E501 ; E501 ; W292,Missing docstring in public module ; line too long (90 > 79 characters) ; line too long (94 > 79 characters) ; no newline at end of file,4
./Data/generation/python_italian_gpt/iter_1/files/6306299052e177c0ba469fe8.py,D100 ; E501 ; W292,Missing docstring in public module ; line too long (351 > 79 characters) ; no newline at end of file,3
./Data/generation/python_italian_gpt/iter_1/files/630629b952e177c0ba46a043.py,D100 ; E501 ; E501 ; W291 ; E501 ; W291 ; F401 ; C812 ; C812 ; C812 ; C812 ; W292,Missing docstring in public module ; line too long (97 > 79 characters) ; line too long (84 > 79 characters) ; trailing whitespace ; line too long (99 > 79 characters) ; trailing whitespace ; 'json' imported but unused ; missing trailing comma ; missing trailing comma ; missing trailing comma ; missing trailing comma ; no newline at end of file,12
./Data/generation/python_italian_gpt/iter_1/files/630629d052e177c0ba46a0a1.py,D100 ; D200 ; E501 ; C812 ; C812 ; F841 ; W292,Missing docstring in public module ; One-line docstring should fit on one line with quotes ; line too long (131 > 79 characters) ; missing trailing comma ; missing trailing comma ; local variable 'e' is assigned to but never used ; no newline at end of file,7
./Data/generation/python_italian_gpt/iter_1/files/630629e052e177c0ba46a0c4.py,D100 ; E302 ; E501 ; W292,"Missing docstring in public module ; expected 2 blank lines, found 1 ; line too long (105 > 79 characters) ; no newline at end of file",4
./Data/generation/python_italian_gpt/iter_1/files/630629e152e177c0ba46a0d1.py,D100 ; E302 ; D200 ; E501 ; E501 ; W292,"Missing docstring in public module ; expected 2 blank lines, found 1 ; One-line docstring should fit on one line with quotes ; line too long (109 > 79 characters) ; line too long (91 > 79 characters) ; no newline at end of file",6
./Data/generation/python_italian_gpt/iter_1/files/630629e152e177c0ba46a0d2.py,D100 ; E302 ; W291 ; E501 ; W293 ; W293 ; W292,"Missing docstring in public module ; expected 2 blank lines, found 1 ; trailing whitespace ; line too long (84 > 79 characters) ; blank line contains whitespace ; blank line contains whitespace ; no newline at end of file",7
./Data/generation/python_italian_gpt/iter_1/files/630629e252e177c0ba46a0d6.py,D100 ; W292,Missing docstring in public module ; no newline at end of file,2
./Data/generation/python_italian_gpt/iter_1/files/630629e752e177c0ba46a0fb.py,D100 ; E501 ; W291 ; E501 ; W291 ; W291 ; W291 ; E501 ; B026 ; E501 ; W292,"Missing docstring in public module ; line too long (89 > 79 characters) ; trailing whitespace ; line too long (124 > 79 characters) ; trailing whitespace ; trailing whitespace ; trailing whitespace ; line too long (116 > 79 characters) ; Star-arg unpacking after a keyword argument is strongly discouraged, because it only works when the keyword parameter is declared after all parameters supplied by the unpacked sequence, and this change of ordering can surprise and mislead readers. ; line too long (86 > 79 characters) ; no newline at end of file",11
