module,error_ids,error_messages,count
62b43425903eeb48555d3ea1,"missing-final-newline, missing-module-docstring, invalid-name, unused-argument","Final newline missing | Missing module docstring | Module name ""62b43425903eeb48555d3ea1"" doesn't conform to snake_case naming style | Unused argument 'self'",4
62b43426903eeb48555d3ea2,"missing-final-newline, missing-module-docstring, invalid-name, undefined-variable, protected-access, undefined-variable, unused-argument","Final newline missing | Missing module docstring | Module name ""62b43426903eeb48555d3ea2"" doesn't conform to snake_case naming style | Undefined variable '_converting' | Access to a protected member _Converter of a client class | Undefined variable '_converting' | Unused argument 'self'",7
62b43427903eeb48555d3ea5,"line-too-long, missing-final-newline, missing-module-docstring, invalid-name, redefined-builtin, undefined-variable, undefined-variable, undefined-variable, undefined-variable, undefined-variable, undefined-variable, undefined-variable, undefined-variable, undefined-variable, undefined-variable, undefined-variable, undefined-variable, undefined-variable, undefined-variable, undefined-variable, protected-access, protected-access","Line too long (285/100) | Final newline missing | Missing module docstring | Module name ""62b43427903eeb48555d3ea5"" doesn't conform to snake_case naming style | Redefining built-in 'format' | Undefined variable 'AnyStr' | Undefined variable 'Union' | Undefined variable 'Dict' | Undefined variable 'Union' | Undefined variable 'Any' | Undefined variable 'Sequence' | Undefined variable 'Any' | Undefined variable 'Tuple' | Undefined variable 'AnyStr' | Undefined variable 'Union' | Undefined variable 'Dict' | Undefined variable 'Union' | Undefined variable 'Any' | Undefined variable 'Sequence' | Undefined variable 'Any' | Access to a protected member _converter of a client class | Access to a protected member _converter of a client class",22
62b43428903eeb48555d3eaa,"line-too-long, trailing-whitespace, missing-final-newline, missing-module-docstring, invalid-name, undefined-variable, undefined-variable, undefined-variable, undefined-variable, undefined-variable, undefined-variable, undefined-variable, undefined-variable, undefined-variable, undefined-variable, undefined-variable, undefined-variable, undefined-variable, undefined-variable, undefined-variable, undefined-variable, undefined-variable, undefined-variable, undefined-variable, protected-access, protected-access, protected-access","Line too long (290/100) | Trailing whitespace | Final newline missing | Missing module docstring | Module name ""62b43428903eeb48555d3eaa"" doesn't conform to snake_case naming style | Undefined variable 'AnyStr' | Undefined variable 'Union' | Undefined variable 'Iterable' | Undefined variable 'Dict' | Undefined variable 'Union' | Undefined variable 'Any' | Undefined variable 'Iterable' | Undefined variable 'Sequence' | Undefined variable 'Any' | Undefined variable 'Tuple' | Undefined variable 'AnyStr' | Undefined variable 'Union' | Undefined variable 'List' | Undefined variable 'Dict' | Undefined variable 'Union' | Undefined variable 'Any' | Undefined variable 'List' | Undefined variable 'Sequence' | Undefined variable 'Any' | Access to a protected member _converter of a client class | Access to a protected member _converter of a client class | Access to a protected member _converter of a client class",27
62b438a266fea644fe22cc2c,"missing-final-newline, missing-module-docstring, invalid-name, unused-variable, unused-variable","Final newline missing | Missing module docstring | Module name ""62b438a266fea644fe22cc2c"" doesn't conform to snake_case naming style | Unused variable 'sub_parser_a' | Unused variable 'sub_parser_b'",5
62b438a266fea644fe22cc2d,"line-too-long, missing-final-newline, missing-module-docstring, invalid-name, import-outside-toplevel, unused-import","Line too long (110/100) | Final newline missing | Missing module docstring | Module name ""62b438a266fea644fe22cc2d"" doesn't conform to snake_case naming style | Import outside toplevel (argparse) | Unused import argparse",6
62b438a266fea644fe22cc2e,"missing-final-newline, missing-module-docstring, invalid-name","Final newline missing | Missing module docstring | Module name ""62b438a266fea644fe22cc2e"" doesn't conform to snake_case naming style",3
62b438b566fea644fe22cc70,"missing-final-newline, missing-module-docstring, invalid-name, import-outside-toplevel","Final newline missing | Missing module docstring | Module name ""62b438b566fea644fe22cc70"" doesn't conform to snake_case naming style | Import outside toplevel (subprocess)",4
62b438b666fea644fe22cc72,"missing-final-newline, missing-module-docstring, invalid-name, protected-access","Final newline missing | Missing module docstring | Module name ""62b438b666fea644fe22cc72"" doesn't conform to snake_case naming style | Access to a protected member _actions of a client class",4
62b438b666fea644fe22cc78,"trailing-whitespace, trailing-whitespace, trailing-whitespace, missing-final-newline, missing-module-docstring, invalid-name","Trailing whitespace | Trailing whitespace | Trailing whitespace | Final newline missing | Missing module docstring | Module name ""62b438b666fea644fe22cc78"" doesn't conform to snake_case naming style",6
62b438ba66fea644fe22cca2,"line-too-long, missing-final-newline, missing-module-docstring, invalid-name, import-error, import-outside-toplevel, undefined-variable, undefined-variable","Line too long (105/100) | Final newline missing | Missing module docstring | Module name ""62b438ba66fea644fe22cca2"" doesn't conform to snake_case naming style | Unable to import 'ruamel.yaml.nodes' | Import outside toplevel (ruamel.yaml.nodes.ScalarNode, ruamel.yaml.nodes.MappingNode) | Undefined variable 'MappingNode' | Undefined variable 'MappingNode'",8
62b45665d7d32e5b55cc8363,"trailing-whitespace, trailing-whitespace, trailing-whitespace, trailing-whitespace, missing-final-newline, missing-module-docstring, invalid-name","Trailing whitespace | Trailing whitespace | Trailing whitespace | Trailing whitespace | Final newline missing | Missing module docstring | Module name ""62b45665d7d32e5b55cc8363"" doesn't conform to snake_case naming style",7
62b45665d7d32e5b55cc8364,"line-too-long, trailing-whitespace, missing-final-newline, missing-module-docstring, invalid-name, import-outside-toplevel, unused-import","Line too long (110/100) | Trailing whitespace | Final newline missing | Missing module docstring | Module name ""62b45665d7d32e5b55cc8364"" doesn't conform to snake_case naming style | Import outside toplevel (argparse) | Unused import argparse",7
62b45665d7d32e5b55cc8365,"trailing-whitespace, missing-final-newline, missing-module-docstring, invalid-name, import-outside-toplevel","Trailing whitespace | Final newline missing | Missing module docstring | Module name ""62b45665d7d32e5b55cc8365"" doesn't conform to snake_case naming style | Import outside toplevel (argparse)",5
62b45679d7d32e5b55cc83a9,"missing-final-newline, missing-module-docstring, invalid-name, protected-access","Final newline missing | Missing module docstring | Module name ""62b45679d7d32e5b55cc83a9"" doesn't conform to snake_case naming style | Access to a protected member _actions of a client class",4
62b4567ad7d32e5b55cc83af,"trailing-whitespace, trailing-whitespace, trailing-whitespace, missing-final-newline, missing-module-docstring, invalid-name","Trailing whitespace | Trailing whitespace | Trailing whitespace | Final newline missing | Missing module docstring | Module name ""62b4567ad7d32e5b55cc83af"" doesn't conform to snake_case naming style",6
62b4567ed7d32e5b55cc83d9,"line-too-long, missing-final-newline, missing-module-docstring, invalid-name, import-error, import-outside-toplevel, undefined-variable, undefined-variable","Line too long (105/100) | Final newline missing | Missing module docstring | Module name ""62b4567ed7d32e5b55cc83d9"" doesn't conform to snake_case naming style | Unable to import 'ruamel.yaml.nodes' | Import outside toplevel (ruamel.yaml.nodes.ScalarNode, ruamel.yaml.nodes.MappingNode) | Undefined variable 'MappingNode' | Undefined variable 'MappingNode'",8
62b45b396decaeff903e1001,"missing-final-newline, missing-module-docstring, invalid-name, missing-function-docstring, unused-argument","Final newline missing | Missing module docstring | Module name ""62b45b396decaeff903e1001"" doesn't conform to snake_case naming style | Missing function or method docstring | Unused argument 'self'",5
62b45df05108cfac7f2109ce,"missing-final-newline, missing-module-docstring, invalid-name, unused-argument, unused-argument","Final newline missing | Missing module docstring | Module name ""62b45df05108cfac7f2109ce"" doesn't conform to snake_case naming style | Unused argument 'path' | Unused argument 'self'",5
62b45df15108cfac7f2109dc,"missing-final-newline, missing-module-docstring, invalid-name","Final newline missing | Missing module docstring | Module name ""62b45df15108cfac7f2109dc"" doesn't conform to snake_case naming style",3
62b45df15108cfac7f2109dd,"missing-final-newline, missing-module-docstring, invalid-name, duplicate-code, duplicate-code, duplicate-code, duplicate-code, duplicate-code, duplicate-code, duplicate-code, duplicate-code","Final newline missing | Missing module docstring | Module name ""62b45df15108cfac7f2109dd"" doesn't conform to snake_case naming style | Similar lines in 2 files
==62b438ba66fea644fe22cca2:[60:86]
==62b4567ed7d32e5b55cc83d9:[60:86]
    merged = {}

    for key, value in nodes:
        key_value = key.value
        if key_value not in merged:
            merged[key_value] = value
        else:
            if isinstance(value, MappingNode):
                merged[key_value] = deep_merge(merged[key_value], value)
            else:
                merged[key_value] = value

    return [(ScalarNode(tag='tag:yaml.org,2002:str', value=k), v) for k, v in merged.items()]

def deep_merge(dict1, dict2):
    """"""Helper function to merge two MappingNode instances.""""""
    for key, value in dict2.value:
        if key.value in dict1.value:
            existing_value = dict1.value[key.value]
            if isinstance(existing_value, MappingNode) and isinstance(value, MappingNode):
                deep_merge(existing_value, value)
            else:
                dict1.value[key.value] = value
        else:
            dict1.value[key.value] = value
    return dict1 | Similar lines in 2 files
==62b8b4baeb7e40a82d2d1136:[23:40]
==62b8b4baeb7e40a82d2d1137:[23:40]
    errors = []

    if not tentative and not providedBy(candidate).isOrExtends(iface):
        errors.append(f""{candidate} does not provide {iface}"")

    required_methods = iface.names()
    for method_name in required_methods:
        if not hasattr(candidate, method_name):
            errors.append(f""{candidate} is missing method {method_name}"")
            continue

        method = getattr(candidate, method_name)
        if not callable(method):
            errors.append(f""{method_name} in {candidate} is not callable"")
            continue

        # Check method signature | Similar lines in 2 files
==62b8d23948ba5a41d1c3f498:[14:23]
==62b8d23b48ba5a41d1c3f49a:[15:24]
            if key in cache:
                cache.move_to_end(key)
                return cache[key]
            result = func(*args, **kwargs)
            cache[key] = result
            if len(cache) > maxsize:
                cache.popitem(last=False)
            return result
 | Similar lines in 2 files
==62b438a266fea644fe22cc2e:[7:21]
==62b45665d7d32e5b55cc8365:[8:22]
    parser = argparse.ArgumentParser()
    subparsers = parser.add_subparsers(dest='subparser_name')

    # Example subparser
    subparser_a = subparsers.add_parser('sub_a')
    subparser_a.add_argument('--option_a', type=str, help='Option for subparser A')

    subparser_b = subparsers.add_parser('sub_b')
    subparser_b.add_argument('--option_b', type=int, help='Option for subparser B')

    # Parse the arguments
    args = parser.parse_args(unparsed_arguments)

    # Create a dictionary to hold the results | Similar lines in 2 files
==62b8b4baeb7e40a82d2d1136:[52:60]
==62b8b4baeb7e40a82d2d1137:[52:60]
    required_attributes = iface.names()
    for attr_name in required_attributes:
        if not hasattr(candidate, attr_name):
            errors.append(f""{candidate} is missing attribute {attr_name}"")

    if errors:
        if len(errors) == 1:
            raise Invalid(errors[0]) | Similar lines in 2 files
==62b438a266fea644fe22cc2d:[11:21]
==62b45665d7d32e5b55cc8364:[11:21]
    for name, parser in subparsers.items():
        try:
            # Try to parse the arguments for the current subparser
            parsed_args, remaining_args = parser.parse_known_args(remaining_args)
            results[name] = parsed_args
        except SystemExit:
            # Handle the case where parsing fails
            continue

    return results, remaining_args | Similar lines in 2 files
==62b8d22548ba5a41d1c3f472:[10:18]
==62b8d27a48ba5a41d1c3f4c6:[10:19]
            if cache_key in cache:
                return cache[cache_key]
            # 如果没有缓存结果，调用原始函数
            result = func(*args, **kwargs)
            # 将结果存入缓存
            cache[cache_key] = result
            return result
        return wrapper
    return decorator | Similar lines in 2 files
==62b8d23b48ba5a41d1c3f49a:[20:27]
==62b8d24048ba5a41d1c3f49f:[26:33]
            if len(cache) > maxsize:
                cache.popitem(last=False)
            return result

        return wrapper

    return decorator",11
62b45e135108cfac7f2109f4,"missing-final-newline, missing-module-docstring, invalid-name, unused-argument, unused-argument","Final newline missing | Missing module docstring | Module name ""62b45e135108cfac7f2109f4"" doesn't conform to snake_case naming style | Unused argument 'self' | Unused argument 'identifier'",5
62b45e145108cfac7f210a07,"line-too-long, missing-final-newline, missing-module-docstring, invalid-name, missing-function-docstring, unused-argument, unused-argument, unused-argument","Line too long (131/100) | Final newline missing | Missing module docstring | Module name ""62b45e145108cfac7f210a07"" doesn't conform to snake_case naming style | Missing function or method docstring | Unused argument 'self' | Unused argument 'inventory' | Unused argument 'spec_version'",8
62b45e145108cfac7f210a09,"missing-final-newline, missing-module-docstring, invalid-name","Final newline missing | Missing module docstring | Module name ""62b45e145108cfac7f210a09"" doesn't conform to snake_case naming style",3
62b45e165108cfac7f210a16,"line-too-long, missing-final-newline, missing-module-docstring, invalid-name, undefined-variable","Line too long (102/100) | Final newline missing | Missing module docstring | Module name ""62b45e165108cfac7f210a16"" doesn't conform to snake_case naming style | Undefined variable 'InventoryValidator'",5
62b45e165108cfac7f210a17,"trailing-whitespace, trailing-whitespace, trailing-whitespace, trailing-whitespace, missing-final-newline, missing-module-docstring, invalid-name","Trailing whitespace | Trailing whitespace | Trailing whitespace | Trailing whitespace | Final newline missing | Missing module docstring | Module name ""62b45e165108cfac7f210a17"" doesn't conform to snake_case naming style",7
62b45e175108cfac7f210a19,"missing-final-newline, missing-module-docstring, invalid-name","Final newline missing | Missing module docstring | Module name ""62b45e175108cfac7f210a19"" doesn't conform to snake_case naming style",3
62b45e21e0d4551b0392c8ed,"trailing-whitespace, trailing-whitespace, missing-final-newline, missing-module-docstring, invalid-name, import-outside-toplevel, unspecified-encoding, no-else-return","Trailing whitespace | Trailing whitespace | Final newline missing | Missing module docstring | Module name ""62b45e21e0d4551b0392c8ed"" doesn't conform to snake_case naming style | Import outside toplevel (os) | Using open without explicitly specifying an encoding | Unnecessary ""elif"" after ""return"", remove the leading ""el"" from ""elif""",8
62b45e23e0d4551b0392c90a,"trailing-whitespace, line-too-long, trailing-whitespace, missing-final-newline, missing-module-docstring, invalid-name, missing-function-docstring, unused-argument, unused-argument, missing-function-docstring, unused-argument, unused-argument, unused-argument, missing-function-docstring, unused-argument, unused-argument, unused-argument","Trailing whitespace | Line too long (101/100) | Trailing whitespace | Final newline missing | Missing module docstring | Module name ""62b45e23e0d4551b0392c90a"" doesn't conform to snake_case naming style | Missing function or method docstring | Unused argument 'self' | Unused argument 'version' | Missing function or method docstring | Unused argument 'self' | Unused argument 'current_inventory' | Unused argument 'root_inventory' | Missing function or method docstring | Unused argument 'self' | Unused argument 'current_inventory' | Unused argument 'root_inventory'",17
62b45e2eb89c9fd354170232,"trailing-whitespace, missing-final-newline, missing-module-docstring, invalid-name, no-else-break","Trailing whitespace | Final newline missing | Missing module docstring | Module name ""62b45e2eb89c9fd354170232"" doesn't conform to snake_case naming style | Unnecessary ""else"" after ""break"", remove the ""else"" and de-indent the code inside it",5
62b45e515108cfac7f210a3c,"missing-final-newline, missing-module-docstring, invalid-name, import-outside-toplevel, unused-argument","Final newline missing | Missing module docstring | Module name ""62b45e515108cfac7f210a3c"" doesn't conform to snake_case naming style | Import outside toplevel (os) | Unused argument 'self'",5
62b45e945108cfac7f210a4a,"missing-final-newline, missing-module-docstring, invalid-name","Final newline missing | Missing module docstring | Module name ""62b45e945108cfac7f210a4a"" doesn't conform to snake_case naming style",3
62b463153879012d19481498,"missing-final-newline, missing-module-docstring, invalid-name","Final newline missing | Missing module docstring | Module name ""62b463153879012d19481498"" doesn't conform to snake_case naming style",3
62b463153879012d1948149a,"trailing-whitespace, missing-final-newline, missing-module-docstring, invalid-name, unused-argument","Trailing whitespace | Final newline missing | Missing module docstring | Module name ""62b463153879012d1948149a"" doesn't conform to snake_case naming style | Unused argument 'source'",5
62b463153879012d1948149b,"missing-final-newline, missing-module-docstring, invalid-name, import-outside-toplevel","Final newline missing | Missing module docstring | Module name ""62b463153879012d1948149b"" doesn't conform to snake_case naming style | Import outside toplevel (os)",4
62b463153879012d1948149c,"missing-final-newline, missing-module-docstring, invalid-name","Final newline missing | Missing module docstring | Module name ""62b463153879012d1948149c"" doesn't conform to snake_case naming style",3
62b463153879012d1948149d,"missing-final-newline, missing-module-docstring, invalid-name, import-outside-toplevel, import-outside-toplevel","Final newline missing | Missing module docstring | Module name ""62b463153879012d1948149d"" doesn't conform to snake_case naming style | Import outside toplevel (os) | Import outside toplevel (collections.defaultdict)",5
62b463153879012d1948149f,"missing-final-newline, missing-module-docstring, invalid-name, import-outside-toplevel, no-else-return, duplicate-key","Final newline missing | Missing module docstring | Module name ""62b463153879012d1948149f"" doesn't conform to snake_case naming style | Import outside toplevel (os) | Unnecessary ""else"" after ""return"", remove the ""else"" and de-indent the code inside it | Duplicate key 'file_path' in dictionary",6
62b463153879012d194814a1,"missing-final-newline, missing-module-docstring, invalid-name, protected-access, protected-access","Final newline missing | Missing module docstring | Module name ""62b463153879012d194814a1"" doesn't conform to snake_case naming style | Access to a protected member _renditions of a client class | Access to a protected member _renditions of a client class",5
62b463163879012d194814a2,"missing-final-newline, missing-module-docstring, invalid-name, protected-access, protected-access","Final newline missing | Missing module docstring | Module name ""62b463163879012d194814a2"" doesn't conform to snake_case naming style | Access to a protected member _assets of a client class | Access to a protected member _assets of a client class",5
62b463163879012d194814a4,"missing-final-newline, missing-module-docstring, invalid-name","Final newline missing | Missing module docstring | Module name ""62b463163879012d194814a4"" doesn't conform to snake_case naming style",3
62b463163879012d194814a6,syntax-error,"Parsing failed: 'unterminated triple-quoted string literal (detected at line 7) (62b463163879012d194814a6, line 2)'",1
62b4631b3879012d194814dd,"missing-final-newline, missing-module-docstring, invalid-name","Final newline missing | Missing module docstring | Module name ""62b4631b3879012d194814dd"" doesn't conform to snake_case naming style",3
62b463283879012d1948153d,"missing-final-newline, missing-module-docstring, invalid-name","Final newline missing | Missing module docstring | Module name ""62b463283879012d1948153d"" doesn't conform to snake_case naming style",3
62b463303879012d19481579,"missing-final-newline, missing-module-docstring, invalid-name, import-outside-toplevel","Final newline missing | Missing module docstring | Module name ""62b463303879012d19481579"" doesn't conform to snake_case naming style | Import outside toplevel (re)",4
62b46740d2f69a53b466171a,"line-too-long, missing-final-newline, missing-module-docstring, invalid-name","Line too long (151/100) | Final newline missing | Missing module docstring | Module name ""62b46740d2f69a53b466171a"" doesn't conform to snake_case naming style",4
62b46746d2f69a53b4661722,"superfluous-parens, superfluous-parens, superfluous-parens, missing-final-newline, missing-module-docstring, invalid-name, consider-using-in, consider-using-in, unused-argument","Unnecessary parens after 'elif' keyword | Unnecessary parens after 'elif' keyword | Unnecessary parens after 'elif' keyword | Final newline missing | Missing module docstring | Module name ""62b46746d2f69a53b4661722"" doesn't conform to snake_case naming style | Consider merging these comparisons with 'in' by using 'b in (a, ('|', a))'. Use a set instead if elements are hashable. | Consider merging these comparisons with 'in' by using 'b in (a, ('&', a))'. Use a set instead if elements are hashable. | Unused argument 'self'",9
62b86707b4d922cb0e688c2a,"missing-final-newline, missing-module-docstring, invalid-name, protected-access, protected-access, protected-access","Final newline missing | Missing module docstring | Module name ""62b86707b4d922cb0e688c2a"" doesn't conform to snake_case naming style | Access to a protected member _registry of a client class | Access to a protected member _registry of a client class | Access to a protected member _registry of a client class",6
62b86729b4d922cb0e688c2f,"missing-final-newline, missing-module-docstring, invalid-name","Final newline missing | Missing module docstring | Module name ""62b86729b4d922cb0e688c2f"" doesn't conform to snake_case naming style",3
62b869eab4d922cb0e688cbf,"trailing-whitespace, trailing-whitespace, missing-final-newline, missing-module-docstring, invalid-name","Trailing whitespace | Trailing whitespace | Final newline missing | Missing module docstring | Module name ""62b869eab4d922cb0e688cbf"" doesn't conform to snake_case naming style",5
62b869eab4d922cb0e688cc5,"line-too-long, line-too-long, missing-final-newline, missing-module-docstring, invalid-name","Line too long (125/100) | Line too long (126/100) | Final newline missing | Missing module docstring | Module name ""62b869eab4d922cb0e688cc5"" doesn't conform to snake_case naming style",5
62b869ebb4d922cb0e688cc6,"line-too-long, line-too-long, line-too-long, line-too-long, missing-final-newline, missing-module-docstring, invalid-name, undefined-variable","Line too long (124/100) | Line too long (120/100) | Line too long (101/100) | Line too long (125/100) | Final newline missing | Missing module docstring | Module name ""62b869ebb4d922cb0e688cc6"" doesn't conform to snake_case naming style | Undefined variable 'update_last_applied_manifest_dict_from_resp'",8
62b86a01b4d922cb0e688ccc,"line-too-long, trailing-whitespace, line-too-long, missing-final-newline, missing-module-docstring, invalid-name","Line too long (162/100) | Trailing whitespace | Line too long (153/100) | Final newline missing | Missing module docstring | Module name ""62b86a01b4d922cb0e688ccc"" doesn't conform to snake_case naming style",6
62b86a4fb4d922cb0e688cf7,"missing-final-newline, missing-module-docstring, invalid-name, missing-class-docstring","Final newline missing | Missing module docstring | Module name ""62b86a4fb4d922cb0e688cf7"" doesn't conform to snake_case naming style | Missing class docstring",4
62b86a4fb4d922cb0e688cf8,"missing-final-newline, missing-module-docstring, invalid-name, missing-class-docstring","Final newline missing | Missing module docstring | Module name ""62b86a4fb4d922cb0e688cf8"" doesn't conform to snake_case naming style | Missing class docstring",4
62b86a9eb4d922cb0e688d25,"missing-final-newline, missing-module-docstring, invalid-name","Final newline missing | Missing module docstring | Module name ""62b86a9eb4d922cb0e688d25"" doesn't conform to snake_case naming style",3
62b86aa3b4d922cb0e688d36,"trailing-whitespace, trailing-whitespace, trailing-whitespace, missing-final-newline, missing-module-docstring, invalid-name, missing-class-docstring, missing-function-docstring, missing-function-docstring","Trailing whitespace | Trailing whitespace | Trailing whitespace | Final newline missing | Missing module docstring | Module name ""62b86aa3b4d922cb0e688d36"" doesn't conform to snake_case naming style | Missing class docstring | Missing function or method docstring | Missing function or method docstring",9
62b87af09a0c4fa8b80b34f1,"missing-final-newline, missing-module-docstring, invalid-name","Final newline missing | Missing module docstring | Module name ""62b87af09a0c4fa8b80b34f1"" doesn't conform to snake_case naming style",3
62b87af19a0c4fa8b80b34f7,"trailing-whitespace, trailing-whitespace, trailing-whitespace, missing-final-newline, missing-module-docstring, invalid-name","Trailing whitespace | Trailing whitespace | Trailing whitespace | Final newline missing | Missing module docstring | Module name ""62b87af19a0c4fa8b80b34f7"" doesn't conform to snake_case naming style",6
62b87af69a0c4fa8b80b351a,"missing-final-newline, missing-module-docstring, invalid-name","Final newline missing | Missing module docstring | Module name ""62b87af69a0c4fa8b80b351a"" doesn't conform to snake_case naming style",3
62b87af99a0c4fa8b80b3524,"missing-final-newline, missing-module-docstring, invalid-name","Final newline missing | Missing module docstring | Module name ""62b87af99a0c4fa8b80b3524"" doesn't conform to snake_case naming style",3
62b87b099a0c4fa8b80b3538,"missing-final-newline, missing-module-docstring, invalid-name","Final newline missing | Missing module docstring | Module name ""62b87b099a0c4fa8b80b3538"" doesn't conform to snake_case naming style",3
62b87b199a0c4fa8b80b354c,"missing-final-newline, missing-module-docstring, invalid-name, no-else-return","Final newline missing | Missing module docstring | Module name ""62b87b199a0c4fa8b80b354c"" doesn't conform to snake_case naming style | Unnecessary ""else"" after ""return"", remove the ""else"" and de-indent the code inside it",4
62b87b199a0c4fa8b80b354e,"trailing-whitespace, trailing-whitespace, missing-final-newline, missing-module-docstring, invalid-name, undefined-variable, undefined-variable, undefined-variable","Trailing whitespace | Trailing whitespace | Final newline missing | Missing module docstring | Module name ""62b87b199a0c4fa8b80b354e"" doesn't conform to snake_case naming style | Undefined variable 'Source' | Undefined variable 'FillRequest' | Undefined variable 'FillRequest'",8
62b87b4f9a0c4fa8b80b3580,"trailing-whitespace, trailing-whitespace, missing-final-newline, missing-module-docstring, invalid-name, consider-using-enumerate","Trailing whitespace | Trailing whitespace | Final newline missing | Missing module docstring | Module name ""62b87b4f9a0c4fa8b80b3580"" doesn't conform to snake_case naming style | Consider using enumerate instead of iterating with range and len",6
62b87b4f9a0c4fa8b80b3581,"missing-final-newline, missing-module-docstring, invalid-name, no-else-return, protected-access, protected-access, protected-access, protected-access, undefined-variable, protected-access, inconsistent-return-statements","Final newline missing | Missing module docstring | Module name ""62b87b4f9a0c4fa8b80b3581"" doesn't conform to snake_case naming style | Unnecessary ""else"" after ""return"", remove the ""else"" and de-indent the code inside it | Access to a protected member _scale of a client class | Access to a protected member _compute_scale of a client class | Access to a protected member _scale of a client class | Access to a protected member _scale of a client class | Undefined variable 'LenaValueError' | Access to a protected member _scale of a client class | Either all return statements in a function should return an expression, or none of them should.",11
62b87b519a0c4fa8b80b3583,"missing-final-newline, missing-module-docstring, invalid-name, undefined-variable, inconsistent-return-statements","Final newline missing | Missing module docstring | Module name ""62b87b519a0c4fa8b80b3583"" doesn't conform to snake_case naming style | Undefined variable 'LenaValueError' | Either all return statements in a function should return an expression, or none of them should.",5
62b87b7e9a0c4fa8b80b35bc,"trailing-whitespace, missing-final-newline, missing-module-docstring, invalid-name","Trailing whitespace | Final newline missing | Missing module docstring | Module name ""62b87b7e9a0c4fa8b80b35bc"" doesn't conform to snake_case naming style",4
62b87b839a0c4fa8b80b35cb,"missing-final-newline, missing-module-docstring, invalid-name","Final newline missing | Missing module docstring | Module name ""62b87b839a0c4fa8b80b35cb"" doesn't conform to snake_case naming style",3
62b87b859a0c4fa8b80b35d7,"trailing-whitespace, trailing-whitespace, trailing-whitespace, missing-final-newline, missing-module-docstring, invalid-name","Trailing whitespace | Trailing whitespace | Trailing whitespace | Final newline missing | Missing module docstring | Module name ""62b87b859a0c4fa8b80b35d7"" doesn't conform to snake_case naming style",6
62b87b869a0c4fa8b80b35e1,"line-too-long, line-too-long, missing-final-newline, missing-module-docstring, invalid-name, unnecessary-lambda-assignment, missing-function-docstring","Line too long (107/100) | Line too long (107/100) | Final newline missing | Missing module docstring | Module name ""62b87b869a0c4fa8b80b35e1"" doesn't conform to snake_case naming style | Lambda expression assigned to a variable. Define a function using the ""def"" keyword instead. | Missing function or method docstring",7
62b87b989a0c4fa8b80b35ee,"missing-final-newline, missing-module-docstring, invalid-name","Final newline missing | Missing module docstring | Module name ""62b87b989a0c4fa8b80b35ee"" doesn't conform to snake_case naming style",3
62b87d23d292efb640a55667,"bad-indentation, bad-indentation, bad-indentation, bad-indentation, bad-indentation, bad-indentation, bad-indentation, bad-indentation, bad-indentation, missing-final-newline, bad-indentation, missing-module-docstring, invalid-name","Bad indentation. Found 2 spaces, expected 4 | Bad indentation. Found 2 spaces, expected 4 | Bad indentation. Found 4 spaces, expected 8 | Bad indentation. Found 4 spaces, expected 8 | Bad indentation. Found 8 spaces, expected 12 | Bad indentation. Found 4 spaces, expected 8 | Bad indentation. Found 8 spaces, expected 12 | Bad indentation. Found 4 spaces, expected 8 | Bad indentation. Found 4 spaces, expected 8 | Final newline missing | Bad indentation. Found 2 spaces, expected 4 | Missing module docstring | Module name ""62b87d23d292efb640a55667"" doesn't conform to snake_case naming style",13
62b87d23d292efb640a55668,"trailing-whitespace, trailing-whitespace, missing-final-newline, missing-module-docstring, invalid-name, missing-class-docstring, attribute-defined-outside-init, too-few-public-methods","Trailing whitespace | Trailing whitespace | Final newline missing | Missing module docstring | Module name ""62b87d23d292efb640a55668"" doesn't conform to snake_case naming style | Missing class docstring | Attribute 'additional_property' defined outside __init__ | Too few public methods (0/2)",8
62b87d23d292efb640a5566b,"trailing-whitespace, trailing-whitespace, trailing-whitespace, trailing-whitespace, trailing-whitespace, missing-final-newline, missing-module-docstring, invalid-name, too-many-arguments, too-many-positional-arguments, subprocess-run-check","Trailing whitespace | Trailing whitespace | Trailing whitespace | Trailing whitespace | Trailing whitespace | Final newline missing | Missing module docstring | Module name ""62b87d23d292efb640a5566b"" doesn't conform to snake_case naming style | Too many arguments (6/5) | Too many positional arguments (6/5) | 'subprocess.run' used without explicitly defining the value for 'check'.",11
62b87d24d292efb640a5566d,"missing-final-newline, missing-module-docstring, invalid-name, no-else-return","Final newline missing | Missing module docstring | Module name ""62b87d24d292efb640a5566d"" doesn't conform to snake_case naming style | Unnecessary ""else"" after ""return"", remove the ""else"" and de-indent the code inside it",4
62b87d24d292efb640a5566f,"missing-final-newline, missing-module-docstring, invalid-name","Final newline missing | Missing module docstring | Module name ""62b87d24d292efb640a5566f"" doesn't conform to snake_case naming style",3
62b87d24d292efb640a55670,"missing-final-newline, missing-module-docstring, invalid-name, broad-exception-caught, import-outside-toplevel, not-an-iterable","Final newline missing | Missing module docstring | Module name ""62b87d24d292efb640a55670"" doesn't conform to snake_case naming style | Catching too general exception Exception | Import outside toplevel (pkg_resources) | Non-iterable value pkg_resources.working_set is used in an iterating context",6
62b89640755ee91dce50a114,"missing-final-newline, missing-module-docstring, invalid-name, undefined-variable","Final newline missing | Missing module docstring | Module name ""62b89640755ee91dce50a114"" doesn't conform to snake_case naming style | Undefined variable 'unicode'",4
62b8966c755ee91dce50a154,"line-too-long, line-too-long, line-too-long, missing-final-newline, missing-module-docstring, invalid-name, too-many-locals, import-outside-toplevel, import-outside-toplevel, import-outside-toplevel, possibly-used-before-assignment, unused-argument","Line too long (117/100) | Line too long (149/100) | Line too long (159/100) | Final newline missing | Missing module docstring | Module name ""62b8966c755ee91dce50a154"" doesn't conform to snake_case naming style | Too many local variables (30/15) | Import outside toplevel (datetime.datetime, datetime.timedelta) | Import outside toplevel (re) | Import outside toplevel (dateutil.tz) | Possibly using variable 'month' before assignment | Unused argument 'self'",12
62b896de755ee91dce50a183,"line-too-long, line-too-long, line-too-long, missing-final-newline, anomalous-backslash-in-string, anomalous-backslash-in-string, missing-module-docstring, invalid-name, unused-argument, unused-argument, unused-argument, unused-argument, unused-argument, unused-argument","Line too long (101/100) | Line too long (136/100) | Line too long (145/100) | Final newline missing | Anomalous backslash in string: '\*'. String constant might be missing an r prefix. | Anomalous backslash in string: '\*'. String constant might be missing an r prefix. | Missing module docstring | Module name ""62b896de755ee91dce50a183"" doesn't conform to snake_case naming style | Unused argument 'self' | Unused argument 'timestr' | Unused argument 'default' | Unused argument 'ignoretz' | Unused argument 'tzinfos' | Unused argument 'kwargs'",14
62b8982f755ee91dce50a241,"missing-final-newline, line-too-long, missing-module-docstring, invalid-name","Final newline missing | Line too long (106/100) | Missing module docstring | Module name ""62b8982f755ee91dce50a241"" doesn't conform to snake_case naming style",4
62b8a4a4755ee91dce50a3d2,"missing-final-newline, missing-module-docstring, invalid-name, undefined-variable","Final newline missing | Missing module docstring | Module name ""62b8a4a4755ee91dce50a3d2"" doesn't conform to snake_case naming style | Undefined variable 'timedelta'",4
62b8a4a4755ee91dce50a3d3,"missing-final-newline, missing-module-docstring, invalid-name, undefined-variable","Final newline missing | Missing module docstring | Module name ""62b8a4a4755ee91dce50a3d3"" doesn't conform to snake_case naming style | Undefined variable 'timedelta'",4
62b8a7b2755ee91dce50a4a7,"missing-final-newline, missing-module-docstring, invalid-name, unused-import","Final newline missing | Missing module docstring | Module name ""62b8a7b2755ee91dce50a4a7"" doesn't conform to snake_case naming style | Unused datetime imported from datetime",4
62b8b3d4eb7e40a82d2d110d,"missing-final-newline, missing-module-docstring, invalid-name, import-error, import-outside-toplevel","Final newline missing | Missing module docstring | Module name ""62b8b3d4eb7e40a82d2d110d"" doesn't conform to snake_case naming style | Unable to import '_use_c_impl' | Import outside toplevel (_use_c_impl.PURE_PYTHON)",5
62b8b3d4eb7e40a82d2d110e,"missing-final-newline, missing-module-docstring, invalid-name","Final newline missing | Missing module docstring | Module name ""62b8b3d4eb7e40a82d2d110e"" doesn't conform to snake_case naming style",3
62b8b3d4eb7e40a82d2d110f,"missing-final-newline, missing-module-docstring, invalid-name, import-outside-toplevel, undefined-variable","Final newline missing | Missing module docstring | Module name ""62b8b3d4eb7e40a82d2d110f"" doesn't conform to snake_case naming style | Import outside toplevel (os) | Undefined variable 'sys'",5
62b8b3d5eb7e40a82d2d1110,"missing-final-newline, missing-module-docstring, invalid-name, import-outside-toplevel","Final newline missing | Missing module docstring | Module name ""62b8b3d5eb7e40a82d2d1110"" doesn't conform to snake_case naming style | Import outside toplevel (some_c_optimization_module)",4
62b8b3d6eb7e40a82d2d111c,"missing-final-newline, missing-module-docstring, invalid-name, no-else-return","Final newline missing | Missing module docstring | Module name ""62b8b3d6eb7e40a82d2d111c"" doesn't conform to snake_case naming style | Unnecessary ""elif"" after ""return"", remove the leading ""el"" from ""elif""",4
62b8b416eb7e40a82d2d1129,"missing-final-newline, missing-module-docstring, invalid-name, no-else-return","Final newline missing | Missing module docstring | Module name ""62b8b416eb7e40a82d2d1129"" doesn't conform to snake_case naming style | Unnecessary ""else"" after ""return"", remove the ""else"" and de-indent the code inside it",4
62b8b4b9eb7e40a82d2d1134,"line-too-long, missing-final-newline, line-too-long, missing-module-docstring, invalid-name, invalid-name, no-else-return","Line too long (101/100) | Final newline missing | Line too long (115/100) | Missing module docstring | Module name ""62b8b4b9eb7e40a82d2d1134"" doesn't conform to snake_case naming style | Function name ""namesAndDescriptions"" doesn't conform to snake_case naming style | Unnecessary ""else"" after ""return"", remove the ""else"" and de-indent the code inside it",7
62b8b4baeb7e40a82d2d1136,"line-too-long, trailing-whitespace, trailing-whitespace, line-too-long, line-too-long, missing-final-newline, missing-module-docstring, invalid-name, too-many-locals, import-error, import-outside-toplevel, import-outside-toplevel, broad-exception-caught, too-many-nested-blocks, no-else-raise, too-many-branches, unused-import","Line too long (187/100) | Trailing whitespace | Trailing whitespace | Line too long (101/100) | Line too long (101/100) | Final newline missing | Missing module docstring | Module name ""62b8b4baeb7e40a82d2d1136"" doesn't conform to snake_case naming style | Too many local variables (18/15) | Unable to import 'zope.interface' | Import outside toplevel (zope.interface.providedBy, zope.interface.Invalid) | Import outside toplevel (inspect.signature, inspect.Parameter) | Catching too general exception Exception | Too many nested blocks (6/5) | Unnecessary ""else"" after ""raise"", remove the ""else"" and de-indent the code inside it | Too many branches (15/12) | Unused Parameter imported from inspect",17
62b8b4baeb7e40a82d2d1137,"line-too-long, trailing-whitespace, trailing-whitespace, line-too-long, missing-final-newline, missing-module-docstring, invalid-name, invalid-name, too-many-locals, import-error, import-outside-toplevel, import-outside-toplevel","Line too long (187/100) | Trailing whitespace | Trailing whitespace | Line too long (105/100) | Final newline missing | Missing module docstring | Module name ""62b8b4baeb7e40a82d2d1137"" doesn't conform to snake_case naming style | Function name ""verifyObject"" doesn't conform to snake_case naming style | Too many local variables (17/15) | Unable to import 'zope.interface' | Import outside toplevel (zope.interface.providedBy, zope.interface.Invalid) | Import outside toplevel (inspect.signature, inspect.Parameter)",12
62b8b4c1eb7e40a82d2d1139,"missing-final-newline, missing-module-docstring, invalid-name, invalid-name","Final newline missing | Missing module docstring | Module name ""62b8b4c1eb7e40a82d2d1139"" doesn't conform to snake_case naming style | Function name ""verifyClass"" doesn't conform to snake_case naming style",4
62b8b559eb7e40a82d2d11f6,"trailing-whitespace, missing-final-newline, missing-module-docstring, invalid-name, invalid-name","Trailing whitespace | Final newline missing | Missing module docstring | Module name ""62b8b559eb7e40a82d2d11f6"" doesn't conform to snake_case naming style | Function name ""determineMetaclass"" doesn't conform to snake_case naming style",5
62b8b559eb7e40a82d2d11f8,"missing-final-newline, missing-module-docstring, invalid-name, invalid-name, unused-variable","Final newline missing | Missing module docstring | Module name ""62b8b559eb7e40a82d2d11f8"" doesn't conform to snake_case naming style | Function name ""minimalBases"" doesn't conform to snake_case naming style | Unused variable 'all_classes'",5
62b8b58deb7e40a82d2d1269,"missing-final-newline, missing-module-docstring, invalid-name, invalid-name, redefined-builtin","Final newline missing | Missing module docstring | Module name ""62b8b58deb7e40a82d2d1269"" doesn't conform to snake_case naming style | Function name ""directlyProvidedBy"" doesn't conform to snake_case naming style | Redefining built-in 'object'",5
62b8b590eb7e40a82d2d1275,"missing-final-newline, missing-module-docstring, invalid-name, invalid-name","Final newline missing | Missing module docstring | Module name ""62b8b590eb7e40a82d2d1275"" doesn't conform to snake_case naming style | Function name ""_legacy_mergeOrderings"" doesn't conform to snake_case naming style",4
62b8b59feb7e40a82d2d1291,"missing-final-newline, missing-module-docstring, invalid-name, invalid-name, no-else-return","Final newline missing | Missing module docstring | Module name ""62b8b59feb7e40a82d2d1291"" doesn't conform to snake_case naming style | Function name ""_getTargetClass"" doesn't conform to snake_case naming style | Unnecessary ""elif"" after ""return"", remove the leading ""el"" from ""elif""",5
62b8b99de0d34b282c1811f8,"missing-final-newline, missing-module-docstring, invalid-name, import-outside-toplevel, unused-argument","Final newline missing | Missing module docstring | Module name ""62b8b99de0d34b282c1811f8"" doesn't conform to snake_case naming style | Import outside toplevel (logging) | Unused argument 'cls'",5
62b8bbbce0d34b282c18120d,"missing-final-newline, missing-module-docstring, invalid-name","Final newline missing | Missing module docstring | Module name ""62b8bbbce0d34b282c18120d"" doesn't conform to snake_case naming style",3
62b8bbbfe0d34b282c18120f,"missing-final-newline, missing-module-docstring, invalid-name, broad-exception-caught, unused-variable","Final newline missing | Missing module docstring | Module name ""62b8bbbfe0d34b282c18120f"" doesn't conform to snake_case naming style | Catching too general exception Exception | Unused variable 'e'",5
62b8bbbfe0d34b282c181210,"missing-final-newline, missing-module-docstring, invalid-name, broad-exception-caught, unused-variable","Final newline missing | Missing module docstring | Module name ""62b8bbbfe0d34b282c181210"" doesn't conform to snake_case naming style | Catching too general exception Exception | Unused variable 'e'",5
62b8c517e0d34b282c18122e,"trailing-whitespace, missing-final-newline, line-too-long, missing-module-docstring, invalid-name, import-outside-toplevel, unused-argument","Trailing whitespace | Final newline missing | Line too long (112/100) | Missing module docstring | Module name ""62b8c517e0d34b282c18122e"" doesn't conform to snake_case naming style | Import outside toplevel (traceback) | Unused argument 'cls'",7
62b8d22548ba5a41d1c3f472,"missing-final-newline, missing-module-docstring, invalid-name, undefined-variable, unused-argument","Final newline missing | Missing module docstring | Module name ""62b8d22548ba5a41d1c3f472"" doesn't conform to snake_case naming style | Undefined variable 'hashkey' | Unused argument 'lock'",5
62b8d22948ba5a41d1c3f47c,"missing-final-newline, missing-module-docstring, invalid-name","Final newline missing | Missing module docstring | Module name ""62b8d22948ba5a41d1c3f47c"" doesn't conform to snake_case naming style",3
62b8d22a48ba5a41d1c3f47d,"missing-final-newline, missing-module-docstring, invalid-name, undefined-variable, no-else-return, protected-access","Final newline missing | Missing module docstring | Module name ""62b8d22a48ba5a41d1c3f47d"" doesn't conform to snake_case naming style | Undefined variable '__marker' | Unnecessary ""elif"" after ""return"", remove the leading ""el"" from ""elif"" | Access to a protected member __marker of a client class",6
62b8d22a48ba5a41d1c3f47e,"missing-final-newline, missing-module-docstring, invalid-name, no-else-return","Final newline missing | Missing module docstring | Module name ""62b8d22a48ba5a41d1c3f47e"" doesn't conform to snake_case naming style | Unnecessary ""else"" after ""return"", remove the ""else"" and de-indent the code inside it",4
62b8d22f48ba5a41d1c3f488,"trailing-whitespace, missing-final-newline, missing-module-docstring, invalid-name","Trailing whitespace | Final newline missing | Missing module docstring | Module name ""62b8d22f48ba5a41d1c3f488"" doesn't conform to snake_case naming style",4
62b8d23748ba5a41d1c3f496,"missing-final-newline, missing-module-docstring, invalid-name, missing-class-docstring, missing-function-docstring, missing-function-docstring, missing-function-docstring","Final newline missing | Missing module docstring | Module name ""62b8d23748ba5a41d1c3f496"" doesn't conform to snake_case naming style | Missing class docstring | Missing function or method docstring | Missing function or method docstring | Missing function or method docstring",7
62b8d23748ba5a41d1c3f497,"trailing-whitespace, trailing-whitespace, missing-final-newline, missing-module-docstring, invalid-name","Trailing whitespace | Trailing whitespace | Final newline missing | Missing module docstring | Module name ""62b8d23748ba5a41d1c3f497"" doesn't conform to snake_case naming style",5
62b8d23948ba5a41d1c3f498,"missing-final-newline, missing-module-docstring, invalid-name","Final newline missing | Missing module docstring | Module name ""62b8d23948ba5a41d1c3f498"" doesn't conform to snake_case naming style",3
62b8d23a48ba5a41d1c3f499,"trailing-whitespace, missing-final-newline, missing-module-docstring, invalid-name","Trailing whitespace | Final newline missing | Missing module docstring | Module name ""62b8d23a48ba5a41d1c3f499"" doesn't conform to snake_case naming style",4
62b8d23b48ba5a41d1c3f49a,"missing-final-newline, missing-module-docstring, invalid-name, import-outside-toplevel, import-outside-toplevel","Final newline missing | Missing module docstring | Module name ""62b8d23b48ba5a41d1c3f49a"" doesn't conform to snake_case naming style | Import outside toplevel (collections.OrderedDict) | Import outside toplevel (functools.wraps)",5
62b8d23c48ba5a41d1c3f49b,"missing-final-newline, missing-module-docstring, invalid-name","Final newline missing | Missing module docstring | Module name ""62b8d23c48ba5a41d1c3f49b"" doesn't conform to snake_case naming style",3
62b8d23e48ba5a41d1c3f49e,"missing-final-newline, missing-module-docstring, invalid-name, missing-class-docstring, too-few-public-methods","Final newline missing | Missing module docstring | Module name ""62b8d23e48ba5a41d1c3f49e"" doesn't conform to snake_case naming style | Missing class docstring | Too few public methods (1/2)",5
62b8d24048ba5a41d1c3f49f,"missing-final-newline, missing-module-docstring, invalid-name, no-else-return","Final newline missing | Missing module docstring | Module name ""62b8d24048ba5a41d1c3f49f"" doesn't conform to snake_case naming style | Unnecessary ""else"" after ""return"", remove the ""else"" and de-indent the code inside it",4
62b8d27a48ba5a41d1c3f4c6,"missing-final-newline, missing-module-docstring, invalid-name, undefined-variable, unused-argument","Final newline missing | Missing module docstring | Module name ""62b8d27a48ba5a41d1c3f4c6"" doesn't conform to snake_case naming style | Undefined variable 'hashkey' | Unused argument 'lock'",5
62e4fb4d85ea9864308902e7,"missing-final-newline, missing-module-docstring, invalid-name, unused-import","Final newline missing | Missing module docstring | Module name ""62e4fb4d85ea9864308902e7"" doesn't conform to snake_case naming style | Unused import sys",4
62e4fb6585ea98643089032b,"missing-final-newline, missing-module-docstring, invalid-name","Final newline missing | Missing module docstring | Module name ""62e4fb6585ea98643089032b"" doesn't conform to snake_case naming style",3
62e4fbda85ea986430890403,"missing-final-newline, missing-module-docstring, invalid-name","Final newline missing | Missing module docstring | Module name ""62e4fbda85ea986430890403"" doesn't conform to snake_case naming style",3
62e4fbda85ea986430890405,"missing-final-newline, missing-module-docstring, invalid-name, undefined-variable, undefined-variable, undefined-variable, import-outside-toplevel, import-outside-toplevel, import-outside-toplevel, subprocess-run-check, unused-argument, unused-import","Final newline missing | Missing module docstring | Module name ""62e4fbda85ea986430890405"" doesn't conform to snake_case naming style | Undefined variable '_get_platform_max_length' | Undefined variable 'Sequence' | Undefined variable 'Any' | Import outside toplevel (os) | Import outside toplevel (subprocess) | Import outside toplevel (multiprocessing.Pool) | 'subprocess.run' used without explicitly defining the value for 'check'. | Unused argument 'kwargs' | Unused import os",12
62e4fc3c85ea98643089041e,"trailing-whitespace, trailing-whitespace, missing-final-newline, missing-module-docstring, invalid-name","Trailing whitespace | Trailing whitespace | Final newline missing | Missing module docstring | Module name ""62e4fc3c85ea98643089041e"" doesn't conform to snake_case naming style",5
62e5dc9ed76274f8a4026b5b,"missing-final-newline, missing-module-docstring, invalid-name","Final newline missing | Missing module docstring | Module name ""62e5dc9ed76274f8a4026b5b"" doesn't conform to snake_case naming style",3
62e60707d76274f8a4026b69,"missing-final-newline, missing-module-docstring, invalid-name, import-outside-toplevel","Final newline missing | Missing module docstring | Module name ""62e60707d76274f8a4026b69"" doesn't conform to snake_case naming style | Import outside toplevel (types.new_class)",4
62e60723d76274f8a4026b75,"missing-final-newline, missing-module-docstring, invalid-name","Final newline missing | Missing module docstring | Module name ""62e60723d76274f8a4026b75"" doesn't conform to snake_case naming style",3
62e60723d76274f8a4026b76,"superfluous-parens, trailing-whitespace, trailing-whitespace, line-too-long, missing-final-newline, missing-module-docstring, invalid-name","Unnecessary parens after 'not' keyword | Trailing whitespace | Trailing whitespace | Line too long (106/100) | Final newline missing | Missing module docstring | Module name ""62e60723d76274f8a4026b76"" doesn't conform to snake_case naming style",7
62e60873d76274f8a4026bd8,"trailing-whitespace, missing-final-newline, missing-module-docstring, invalid-name, unused-argument","Trailing whitespace | Final newline missing | Missing module docstring | Module name ""62e60873d76274f8a4026bd8"" doesn't conform to snake_case naming style | Unused argument 'cls'",5
62e60879d76274f8a4026bec,"line-too-long, line-too-long, line-too-long, missing-final-newline, missing-module-docstring, invalid-name, too-many-arguments, too-many-positional-arguments, undefined-variable, unused-argument, unused-argument, unused-argument, unused-argument, unused-argument, unused-argument, unused-argument, unused-argument, unused-argument, unused-argument","Line too long (154/100) | Line too long (122/100) | Line too long (116/100) | Final newline missing | Missing module docstring | Module name ""62e60879d76274f8a4026bec"" doesn't conform to snake_case naming style | Too many arguments (9/5) | Too many positional arguments (9/5) | Undefined variable 'Response' | Unused argument 'self' | Unused argument 'mode' | Unused argument 'bookmarks' | Unused argument 'metadata' | Unused argument 'timeout' | Unused argument 'db' | Unused argument 'imp_user' | Unused argument 'dehydration_hooks' | Unused argument 'hydration_hooks' | Unused argument 'handlers'",19
62e6087ad76274f8a4026bf2,"line-too-long, line-too-long, missing-final-newline, missing-module-docstring, invalid-name","Line too long (122/100) | Line too long (116/100) | Final newline missing | Missing module docstring | Module name ""62e6087ad76274f8a4026bf2"" doesn't conform to snake_case naming style",5
62e6087bd76274f8a4026bfa,"trailing-whitespace, trailing-whitespace, missing-final-newline, missing-module-docstring, invalid-name","Trailing whitespace | Trailing whitespace | Final newline missing | Missing module docstring | Module name ""62e6087bd76274f8a4026bfa"" doesn't conform to snake_case naming style",5
62e60b10d76274f8a4026ccd,"missing-final-newline, missing-module-docstring, invalid-name","Final newline missing | Missing module docstring | Module name ""62e60b10d76274f8a4026ccd"" doesn't conform to snake_case naming style",3
62e60da4d76274f8a4026cf1,"trailing-whitespace, missing-final-newline, missing-module-docstring, invalid-name","Trailing whitespace | Final newline missing | Missing module docstring | Module name ""62e60da4d76274f8a4026cf1"" doesn't conform to snake_case naming style",4
62e60e05d76274f8a4026cfd,"missing-final-newline, missing-module-docstring, invalid-name","Final newline missing | Missing module docstring | Module name ""62e60e05d76274f8a4026cfd"" doesn't conform to snake_case naming style",3
62e60e3bd76274f8a4026d1a,"missing-final-newline, missing-module-docstring, invalid-name","Final newline missing | Missing module docstring | Module name ""62e60e3bd76274f8a4026d1a"" doesn't conform to snake_case naming style",3
62e60e49d76274f8a4026d25,"line-too-long, missing-final-newline, missing-module-docstring, invalid-name, unused-argument, unused-argument, unused-argument, unused-argument, unused-argument","Line too long (134/100) | Final newline missing | Missing module docstring | Module name ""62e60e49d76274f8a4026d25"" doesn't conform to snake_case naming style | Unused argument 'args' | Unused argument 'kwargs' | Unused argument 'func' | Unused argument 'metadata' | Unused argument 'timeout'",9
62e60ecfd76274f8a4026d6a,"trailing-whitespace, missing-final-newline, missing-module-docstring, invalid-name, unused-argument","Trailing whitespace | Final newline missing | Missing module docstring | Module name ""62e60ecfd76274f8a4026d6a"" doesn't conform to snake_case naming style | Unused argument 'cls'",5
62e60ed4d76274f8a4026da0,"missing-final-newline, missing-module-docstring, invalid-name, protected-access","Final newline missing | Missing module docstring | Module name ""62e60ed4d76274f8a4026da0"" doesn't conform to snake_case naming style | Access to a protected member __keys of a client class",4
62e60f33d76274f8a4026de9,"trailing-whitespace, missing-final-newline, missing-module-docstring, invalid-name, undefined-variable","Trailing whitespace | Final newline missing | Missing module docstring | Module name ""62e60f33d76274f8a4026de9"" doesn't conform to snake_case naming style | Undefined variable 'Point'",5
62e60f37d76274f8a4026dfd,"trailing-whitespace, missing-final-newline, missing-module-docstring, invalid-name, undefined-variable, undefined-variable","Trailing whitespace | Final newline missing | Missing module docstring | Module name ""62e60f37d76274f8a4026dfd"" doesn't conform to snake_case naming style | Undefined variable 'Time' | Undefined variable 'Structure'",6
62e60f3bd76274f8a4026e10,"trailing-whitespace, missing-final-newline, missing-module-docstring, invalid-name, missing-class-docstring, too-few-public-methods","Trailing whitespace | Final newline missing | Missing module docstring | Module name ""62e60f3bd76274f8a4026e10"" doesn't conform to snake_case naming style | Missing class docstring | Too few public methods (0/2)",6
62e60f43d76274f8a4026e28,"trailing-whitespace, trailing-whitespace, missing-final-newline, missing-module-docstring, invalid-name","Trailing whitespace | Trailing whitespace | Final newline missing | Missing module docstring | Module name ""62e60f43d76274f8a4026e28"" doesn't conform to snake_case naming style",5
62ece4982e6aefcf4aabbd5f,"missing-final-newline, missing-module-docstring, invalid-name","Final newline missing | Missing module docstring | Module name ""62ece4982e6aefcf4aabbd5f"" doesn't conform to snake_case naming style",3
62ece4982e6aefcf4aabbd60,"trailing-whitespace, trailing-whitespace, trailing-whitespace, missing-final-newline, missing-module-docstring, invalid-name, raise-missing-from","Trailing whitespace | Trailing whitespace | Trailing whitespace | Final newline missing | Missing module docstring | Module name ""62ece4982e6aefcf4aabbd60"" doesn't conform to snake_case naming style | Consider explicitly re-raising using 'except ValueError as exc' and 'raise ValueError(f'Invalid size format: {size}') from exc'",7
62ece4982e6aefcf4aabbd61,"trailing-whitespace, missing-final-newline, missing-module-docstring, invalid-name, import-outside-toplevel","Trailing whitespace | Final newline missing | Missing module docstring | Module name ""62ece4982e6aefcf4aabbd61"" doesn't conform to snake_case naming style | Import outside toplevel (collections.defaultdict)",5
62ece4982e6aefcf4aabbd62,"missing-final-newline, missing-module-docstring, invalid-name","Final newline missing | Missing module docstring | Module name ""62ece4982e6aefcf4aabbd62"" doesn't conform to snake_case naming style",3
62ece4982e6aefcf4aabbd63,"missing-final-newline, missing-module-docstring, invalid-name","Final newline missing | Missing module docstring | Module name ""62ece4982e6aefcf4aabbd63"" doesn't conform to snake_case naming style",3
62ece4982e6aefcf4aabbd64,"trailing-whitespace, missing-final-newline, missing-module-docstring, invalid-name","Trailing whitespace | Final newline missing | Missing module docstring | Module name ""62ece4982e6aefcf4aabbd64"" doesn't conform to snake_case naming style",4
62ece4982e6aefcf4aabbd65,"missing-final-newline, missing-module-docstring, invalid-name, protected-access","Final newline missing | Missing module docstring | Module name ""62ece4982e6aefcf4aabbd65"" doesn't conform to snake_case naming style | Access to a protected member _actions of a client class",4
62ece4982e6aefcf4aabbd66,"line-too-long, missing-final-newline, missing-module-docstring, invalid-name, import-outside-toplevel, no-else-return","Line too long (102/100) | Final newline missing | Missing module docstring | Module name ""62ece4982e6aefcf4aabbd66"" doesn't conform to snake_case naming style | Import outside toplevel (os) | Unnecessary ""else"" after ""return"", remove the ""else"" and de-indent the code inside it",6
62ece4982e6aefcf4aabbd67,"trailing-whitespace, trailing-whitespace, missing-final-newline, missing-module-docstring, invalid-name","Trailing whitespace | Trailing whitespace | Final newline missing | Missing module docstring | Module name ""62ece4982e6aefcf4aabbd67"" doesn't conform to snake_case naming style",5
62ece4982e6aefcf4aabbd68,"trailing-whitespace, trailing-whitespace, trailing-whitespace, trailing-whitespace, trailing-whitespace, trailing-whitespace, missing-final-newline, missing-module-docstring, invalid-name, missing-function-docstring","Trailing whitespace | Trailing whitespace | Trailing whitespace | Trailing whitespace | Trailing whitespace | Trailing whitespace | Final newline missing | Missing module docstring | Module name ""62ece4982e6aefcf4aabbd68"" doesn't conform to snake_case naming style | Missing function or method docstring",10
62ece4982e6aefcf4aabbd69,"line-too-long, missing-final-newline, missing-module-docstring, invalid-name","Line too long (107/100) | Final newline missing | Missing module docstring | Module name ""62ece4982e6aefcf4aabbd69"" doesn't conform to snake_case naming style",4
62ece4982e6aefcf4aabbd6a,"missing-final-newline, missing-module-docstring, invalid-name","Final newline missing | Missing module docstring | Module name ""62ece4982e6aefcf4aabbd6a"" doesn't conform to snake_case naming style",3
62ece4982e6aefcf4aabbd6b,"missing-final-newline, missing-module-docstring, invalid-name","Final newline missing | Missing module docstring | Module name ""62ece4982e6aefcf4aabbd6b"" doesn't conform to snake_case naming style",3
62ece4982e6aefcf4aabbd6d,"missing-final-newline, missing-module-docstring, invalid-name","Final newline missing | Missing module docstring | Module name ""62ece4982e6aefcf4aabbd6d"" doesn't conform to snake_case naming style",3
62ece4982e6aefcf4aabbd6f,"trailing-whitespace, trailing-whitespace, trailing-whitespace, trailing-whitespace, missing-final-newline, missing-module-docstring, invalid-name, missing-timeout, wrong-import-order, wrong-import-order","Trailing whitespace | Trailing whitespace | Trailing whitespace | Trailing whitespace | Final newline missing | Missing module docstring | Module name ""62ece4982e6aefcf4aabbd6f"" doesn't conform to snake_case naming style | Missing timeout argument for method 'requests.get' can cause your program to hang indefinitely | standard import ""tarfile"" should be placed before third party import ""requests"" | standard import ""pathlib.Path"" should be placed before third party import ""requests""",10
62ece4982e6aefcf4aabbd70,"missing-final-newline, missing-module-docstring, invalid-name, import-outside-toplevel","Final newline missing | Missing module docstring | Module name ""62ece4982e6aefcf4aabbd70"" doesn't conform to snake_case naming style | Import outside toplevel (platform)",4
62ece4982e6aefcf4aabbd71,"missing-final-newline, missing-module-docstring, invalid-name","Final newline missing | Missing module docstring | Module name ""62ece4982e6aefcf4aabbd71"" doesn't conform to snake_case naming style",3
62ece4982e6aefcf4aabbd72,"missing-final-newline, missing-module-docstring, invalid-name","Final newline missing | Missing module docstring | Module name ""62ece4982e6aefcf4aabbd72"" doesn't conform to snake_case naming style",3
62ece4982e6aefcf4aabbd73,"missing-final-newline, missing-module-docstring, invalid-name, no-else-return","Final newline missing | Missing module docstring | Module name ""62ece4982e6aefcf4aabbd73"" doesn't conform to snake_case naming style | Unnecessary ""elif"" after ""return"", remove the leading ""el"" from ""elif""",4
62ece4982e6aefcf4aabbd74,"trailing-whitespace, missing-final-newline, missing-module-docstring, invalid-name, no-else-return, unused-import","Trailing whitespace | Final newline missing | Missing module docstring | Module name ""62ece4982e6aefcf4aabbd74"" doesn't conform to snake_case naming style | Unnecessary ""else"" after ""return"", remove the ""else"" and de-indent the code inside it | Unused import os",6
62ece4982e6aefcf4aabbd75,"trailing-whitespace, trailing-whitespace, trailing-whitespace, missing-final-newline, missing-module-docstring, invalid-name, import-outside-toplevel, subprocess-run-check, unused-argument","Trailing whitespace | Trailing whitespace | Trailing whitespace | Final newline missing | Missing module docstring | Module name ""62ece4982e6aefcf4aabbd75"" doesn't conform to snake_case naming style | Import outside toplevel (subprocess) | 'subprocess.run' used without explicitly defining the value for 'check'. | Unused argument 'ignored'",9
62ece4982e6aefcf4aabbd76,"missing-final-newline, missing-module-docstring, invalid-name","Final newline missing | Missing module docstring | Module name ""62ece4982e6aefcf4aabbd76"" doesn't conform to snake_case naming style",3
62ece4982e6aefcf4aabbd77,"missing-final-newline, missing-module-docstring, invalid-name, duplicate-key, raise-missing-from","Final newline missing | Missing module docstring | Module name ""62ece4982e6aefcf4aabbd77"" doesn't conform to snake_case naming style | Duplicate key 'months' in dictionary | Consider explicitly re-raising using 'except ValueError as exc' and 'raise ValueError('Invalid number in frequency') from exc'",5
62ece4992e6aefcf4aabbd78,"missing-final-newline, missing-module-docstring, invalid-name","Final newline missing | Missing module docstring | Module name ""62ece4992e6aefcf4aabbd78"" doesn't conform to snake_case naming style",3
62ece4992e6aefcf4aabbd79,"missing-final-newline, missing-module-docstring, invalid-name","Final newline missing | Missing module docstring | Module name ""62ece4992e6aefcf4aabbd79"" doesn't conform to snake_case naming style",3
62ece4992e6aefcf4aabbd7a,"missing-final-newline, missing-module-docstring, invalid-name, import-outside-toplevel","Final newline missing | Missing module docstring | Module name ""62ece4992e6aefcf4aabbd7a"" doesn't conform to snake_case naming style | Import outside toplevel (os)",4
62ece4992e6aefcf4aabbd7b,"trailing-whitespace, trailing-whitespace, trailing-whitespace, missing-final-newline, missing-module-docstring, invalid-name, inconsistent-return-statements","Trailing whitespace | Trailing whitespace | Trailing whitespace | Final newline missing | Missing module docstring | Module name ""62ece4992e6aefcf4aabbd7b"" doesn't conform to snake_case naming style | Either all return statements in a function should return an expression, or none of them should.",7
62ece4992e6aefcf4aabbd7c,"missing-final-newline, missing-module-docstring, invalid-name","Final newline missing | Missing module docstring | Module name ""62ece4992e6aefcf4aabbd7c"" doesn't conform to snake_case naming style",3
62ece4992e6aefcf4aabbd7d,"missing-final-newline, missing-module-docstring, invalid-name, subprocess-run-check","Final newline missing | Missing module docstring | Module name ""62ece4992e6aefcf4aabbd7d"" doesn't conform to snake_case naming style | 'subprocess.run' used without explicitly defining the value for 'check'.",4
62ece4992e6aefcf4aabbd7e,"line-too-long, missing-final-newline, missing-module-docstring, invalid-name","Line too long (104/100) | Final newline missing | Missing module docstring | Module name ""62ece4992e6aefcf4aabbd7e"" doesn't conform to snake_case naming style",4
62ece4992e6aefcf4aabbd7f,"trailing-whitespace, trailing-whitespace, trailing-whitespace, missing-final-newline, missing-module-docstring, invalid-name","Trailing whitespace | Trailing whitespace | Trailing whitespace | Final newline missing | Missing module docstring | Module name ""62ece4992e6aefcf4aabbd7f"" doesn't conform to snake_case naming style",6
62ece4992e6aefcf4aabbd80,"missing-final-newline, missing-module-docstring, invalid-name, import-outside-toplevel","Final newline missing | Missing module docstring | Module name ""62ece4992e6aefcf4aabbd80"" doesn't conform to snake_case naming style | Import outside toplevel (os)",4
62ece4992e6aefcf4aabbd82,"missing-final-newline, missing-module-docstring, invalid-name","Final newline missing | Missing module docstring | Module name ""62ece4992e6aefcf4aabbd82"" doesn't conform to snake_case naming style",3
62ece4992e6aefcf4aabbd83,"line-too-long, missing-final-newline, missing-module-docstring, invalid-name, too-many-arguments, too-many-positional-arguments, subprocess-run-check","Line too long (104/100) | Final newline missing | Missing module docstring | Module name ""62ece4992e6aefcf4aabbd83"" doesn't conform to snake_case naming style | Too many arguments (6/5) | Too many positional arguments (6/5) | 'subprocess.run' used without explicitly defining the value for 'check'.",7
62ece4992e6aefcf4aabbd84,"missing-final-newline, missing-module-docstring, invalid-name","Final newline missing | Missing module docstring | Module name ""62ece4992e6aefcf4aabbd84"" doesn't conform to snake_case naming style",3
62ece4992e6aefcf4aabbd85,"trailing-whitespace, trailing-whitespace, trailing-whitespace, missing-final-newline, missing-module-docstring, invalid-name, import-error, missing-function-docstring","Trailing whitespace | Trailing whitespace | Trailing whitespace | Final newline missing | Missing module docstring | Module name ""62ece4992e6aefcf4aabbd85"" doesn't conform to snake_case naming style | Unable to import 'rdflib' | Missing function or method docstring",8
62ece4992e6aefcf4aabbd86,"missing-final-newline, missing-module-docstring, invalid-name, import-outside-toplevel","Final newline missing | Missing module docstring | Module name ""62ece4992e6aefcf4aabbd86"" doesn't conform to snake_case naming style | Import outside toplevel (yaml)",4
62ece4992e6aefcf4aabbd87,"missing-final-newline, missing-module-docstring, invalid-name","Final newline missing | Missing module docstring | Module name ""62ece4992e6aefcf4aabbd87"" doesn't conform to snake_case naming style",3
62ece4992e6aefcf4aabbd88,"missing-final-newline, missing-module-docstring, invalid-name","Final newline missing | Missing module docstring | Module name ""62ece4992e6aefcf4aabbd88"" doesn't conform to snake_case naming style",3
62ece4992e6aefcf4aabbd89,"missing-final-newline, missing-module-docstring, invalid-name","Final newline missing | Missing module docstring | Module name ""62ece4992e6aefcf4aabbd89"" doesn't conform to snake_case naming style",3
62ece4992e6aefcf4aabbd8a,"trailing-whitespace, line-too-long, missing-final-newline, missing-module-docstring, invalid-name, missing-function-docstring, too-many-locals, import-outside-toplevel, import-outside-toplevel, import-outside-toplevel, broad-exception-caught, unspecified-encoding, logging-fstring-interpolation","Trailing whitespace | Line too long (105/100) | Final newline missing | Missing module docstring | Module name ""62ece4992e6aefcf4aabbd8a"" doesn't conform to snake_case naming style | Missing function or method docstring | Too many local variables (17/15) | Import outside toplevel (logging) | Import outside toplevel (os) | Import outside toplevel (json) | Catching too general exception Exception | Using open without explicitly specifying an encoding | Use lazy % formatting in logging functions",13
62ece4992e6aefcf4aabbd8b,"missing-final-newline, missing-module-docstring, invalid-name","Final newline missing | Missing module docstring | Module name ""62ece4992e6aefcf4aabbd8b"" doesn't conform to snake_case naming style",3
6305f9991d275c6667163c50,"missing-final-newline, missing-module-docstring, invalid-name","Final newline missing | Missing module docstring | Module name ""6305f9991d275c6667163c50"" doesn't conform to snake_case naming style",3
6306091073426c38ae68acac,"missing-final-newline, missing-module-docstring, invalid-name","Final newline missing | Missing module docstring | Module name ""6306091073426c38ae68acac"" doesn't conform to snake_case naming style",3
6306091a73426c38ae68acc8,"trailing-whitespace, missing-final-newline, missing-module-docstring, invalid-name, import-error, import-outside-toplevel","Trailing whitespace | Final newline missing | Missing module docstring | Module name ""6306091a73426c38ae68acc8"" doesn't conform to snake_case naming style | Unable to import 'cli' | Import outside toplevel (cli.ListOfFileNames)",6
6306091b73426c38ae68acd7,"missing-final-newline, missing-module-docstring, invalid-name, protected-access, undefined-variable","Final newline missing | Missing module docstring | Module name ""6306091b73426c38ae68acd7"" doesn't conform to snake_case naming style | Access to a protected member _get_service of a client class | Undefined variable 'ServiceName'",5
6306091b73426c38ae68acd9,"missing-final-newline, missing-module-docstring, invalid-name, protected-access, undefined-variable","Final newline missing | Missing module docstring | Module name ""6306091b73426c38ae68acd9"" doesn't conform to snake_case naming style | Access to a protected member _get_service of a client class | Undefined variable 'ServiceName'",5
6306091b73426c38ae68acda,"missing-final-newline, missing-module-docstring, invalid-name, protected-access, undefined-variable","Final newline missing | Missing module docstring | Module name ""6306091b73426c38ae68acda"" doesn't conform to snake_case naming style | Access to a protected member _get_service of a client class | Undefined variable 'ServiceName'",5
6306091c73426c38ae68acdc,"missing-final-newline, missing-module-docstring, invalid-name, import-outside-toplevel, raise-missing-from, undefined-variable, unused-argument","Final newline missing | Missing module docstring | Module name ""6306091c73426c38ae68acdc"" doesn't conform to snake_case naming style | Import outside toplevel (yaml) | Consider explicitly re-raising using 'raise ValueError(f'YAML parsing error: {e}') from e' | Undefined variable 'IRValidatorException' | Unused argument 'cls'",7
6306091c73426c38ae68acdd,"missing-final-newline, missing-module-docstring, invalid-name, import-outside-toplevel, import-outside-toplevel, undefined-variable, unused-argument","Final newline missing | Missing module docstring | Module name ""6306091c73426c38ae68acdd"" doesn't conform to snake_case naming style | Import outside toplevel (yaml) | Import outside toplevel (pathlib.Path) | Undefined variable 'IRValidatorException' | Unused argument 'cls'",7
6306091d73426c38ae68ace5,"missing-final-newline, missing-module-docstring, invalid-name, protected-access","Final newline missing | Missing module docstring | Module name ""6306091d73426c38ae68ace5"" doesn't conform to snake_case naming style | Access to a protected member _process_group of a client class",4
6306092373426c38ae68acfa,"missing-final-newline, missing-module-docstring, invalid-name, protected-access","Final newline missing | Missing module docstring | Module name ""6306092373426c38ae68acfa"" doesn't conform to snake_case naming style | Access to a protected member _get_defaults of a client class",4
6306092973426c38ae68ad01,"missing-final-newline, missing-module-docstring, invalid-name","Final newline missing | Missing module docstring | Module name ""6306092973426c38ae68ad01"" doesn't conform to snake_case naming style",3
6306092c73426c38ae68ad02,"trailing-whitespace, missing-final-newline, missing-module-docstring, invalid-name, unused-argument","Trailing whitespace | Final newline missing | Missing module docstring | Module name ""6306092c73426c38ae68ad02"" doesn't conform to snake_case naming style | Unused argument 'self'",5
6306092d73426c38ae68ad04,"trailing-whitespace, missing-final-newline, missing-module-docstring, invalid-name, unused-argument","Trailing whitespace | Final newline missing | Missing module docstring | Module name ""6306092d73426c38ae68ad04"" doesn't conform to snake_case naming style | Unused argument 'self'",5
6306092d73426c38ae68ad05,"missing-final-newline, missing-module-docstring, invalid-name","Final newline missing | Missing module docstring | Module name ""6306092d73426c38ae68ad05"" doesn't conform to snake_case naming style",3
6306092d73426c38ae68ad06,"missing-final-newline, missing-module-docstring, invalid-name, unused-argument","Final newline missing | Missing module docstring | Module name ""6306092d73426c38ae68ad06"" doesn't conform to snake_case naming style | Unused argument 'self'",4
6306092d73426c38ae68ad07,"trailing-whitespace, trailing-whitespace, missing-final-newline, missing-module-docstring, invalid-name","Trailing whitespace | Trailing whitespace | Final newline missing | Missing module docstring | Module name ""6306092d73426c38ae68ad07"" doesn't conform to snake_case naming style",5
6306092d73426c38ae68ad08,"trailing-whitespace, trailing-whitespace, missing-final-newline, missing-module-docstring, invalid-name, unused-argument, unused-argument","Trailing whitespace | Trailing whitespace | Final newline missing | Missing module docstring | Module name ""6306092d73426c38ae68ad08"" doesn't conform to snake_case naming style | Unused argument 'self' | Unused argument 'command_name'",7
6306092e73426c38ae68ad09,"missing-final-newline, missing-module-docstring, invalid-name, no-else-raise, unused-argument","Final newline missing | Missing module docstring | Module name ""6306092e73426c38ae68ad09"" doesn't conform to snake_case naming style | Unnecessary ""elif"" after ""raise"", remove the leading ""el"" from ""elif"" | Unused argument 'self'",5
6306092e73426c38ae68ad0a,"missing-final-newline, missing-module-docstring, invalid-name","Final newline missing | Missing module docstring | Module name ""6306092e73426c38ae68ad0a"" doesn't conform to snake_case naming style",3
6306092e73426c38ae68ad0b,"superfluous-parens, missing-final-newline, missing-module-docstring, invalid-name","Unnecessary parens after 'not' keyword | Final newline missing | Missing module docstring | Module name ""6306092e73426c38ae68ad0b"" doesn't conform to snake_case naming style",4
6306092e73426c38ae68ad0d,"line-too-long, missing-final-newline, missing-module-docstring, invalid-name, unused-argument","Line too long (150/100) | Final newline missing | Missing module docstring | Module name ""6306092e73426c38ae68ad0d"" doesn't conform to snake_case naming style | Unused argument 'option_name'",5
6306092e73426c38ae68ad0f,"missing-final-newline, missing-module-docstring, invalid-name, unused-argument","Final newline missing | Missing module docstring | Module name ""6306092e73426c38ae68ad0f"" doesn't conform to snake_case naming style | Unused argument 'self'",4
6306092e73426c38ae68ad11,"trailing-whitespace, trailing-whitespace, missing-final-newline, missing-module-docstring, invalid-name","Trailing whitespace | Trailing whitespace | Final newline missing | Missing module docstring | Module name ""6306092e73426c38ae68ad11"" doesn't conform to snake_case naming style",5
6306092f73426c38ae68ad13,"line-too-long, missing-final-newline, missing-module-docstring, invalid-name, too-many-arguments, too-many-positional-arguments, import-outside-toplevel, import-outside-toplevel, f-string-without-interpolation, subprocess-run-check, unused-argument","Line too long (111/100) | Final newline missing | Missing module docstring | Module name ""6306092f73426c38ae68ad13"" doesn't conform to snake_case naming style | Too many arguments (6/5) | Too many positional arguments (6/5) | Import outside toplevel (subprocess) | Import outside toplevel (json) | Using an f-string that does not have any interpolated variables | 'subprocess.run' used without explicitly defining the value for 'check'. | Unused argument 'ir_plugin'",11
6306093273426c38ae68ad15,"missing-final-newline, missing-module-docstring, invalid-name, import-outside-toplevel, import-outside-toplevel, subprocess-run-check, unused-argument, unused-argument","Final newline missing | Missing module docstring | Module name ""6306093273426c38ae68ad15"" doesn't conform to snake_case naming style | Import outside toplevel (subprocess) | Import outside toplevel (json) | 'subprocess.run' used without explicitly defining the value for 'check'. | Unused argument 'ir_workspace' | Unused argument 'ir_plugin'",8
63060ada73426c38ae68ad31,"missing-final-newline, missing-module-docstring, invalid-name, unused-argument, unused-argument","Final newline missing | Missing module docstring | Module name ""63060ada73426c38ae68ad31"" doesn't conform to snake_case naming style | Unused argument 'self' | Unused argument 'parser_name'",5
63060b1a73426c38ae68ad3e,"missing-final-newline, missing-module-docstring, invalid-name","Final newline missing | Missing module docstring | Module name ""63060b1a73426c38ae68ad3e"" doesn't conform to snake_case naming style",3
63060b1b73426c38ae68ad42,"trailing-whitespace, missing-final-newline, missing-module-docstring, invalid-name, import-outside-toplevel","Trailing whitespace | Final newline missing | Missing module docstring | Module name ""63060b1b73426c38ae68ad42"" doesn't conform to snake_case naming style | Import outside toplevel (os)",5
63060b1b73426c38ae68ad43,"trailing-whitespace, missing-final-newline, missing-module-docstring, invalid-name, unused-argument","Trailing whitespace | Final newline missing | Missing module docstring | Module name ""63060b1b73426c38ae68ad43"" doesn't conform to snake_case naming style | Unused argument 'self'",5
6306292052e177c0ba469f09,"trailing-whitespace, trailing-whitespace, trailing-whitespace, trailing-whitespace, trailing-whitespace, missing-final-newline, missing-module-docstring, invalid-name, undefined-variable","Trailing whitespace | Trailing whitespace | Trailing whitespace | Trailing whitespace | Trailing whitespace | Final newline missing | Missing module docstring | Module name ""6306292052e177c0ba469f09"" doesn't conform to snake_case naming style | Undefined variable 'RequestType'",9
6306292152e177c0ba469f0d,"missing-final-newline, missing-module-docstring, invalid-name, undefined-variable","Final newline missing | Missing module docstring | Module name ""6306292152e177c0ba469f0d"" doesn't conform to snake_case naming style | Undefined variable 'RequestType'",4
6306292252e177c0ba469f11,"missing-final-newline, missing-module-docstring, invalid-name, unused-import","Final newline missing | Missing module docstring | Module name ""6306292252e177c0ba469f11"" doesn't conform to snake_case naming style | Unused datetime imported from datetime",4
6306292352e177c0ba469f1d,syntax-error,"Parsing failed: 'unterminated string literal (detected at line 15) (6306292352e177c0ba469f1d, line 15)'",1
6306292352e177c0ba469f1e,"trailing-whitespace, trailing-whitespace, missing-final-newline, missing-module-docstring, invalid-name, import-outside-toplevel","Trailing whitespace | Trailing whitespace | Final newline missing | Missing module docstring | Module name ""6306292352e177c0ba469f1e"" doesn't conform to snake_case naming style | Import outside toplevel (re)",6
6306292652e177c0ba469f34,"line-too-long, trailing-whitespace, missing-final-newline, missing-module-docstring, invalid-name, missing-timeout, wrong-import-order","Line too long (138/100) | Trailing whitespace | Final newline missing | Missing module docstring | Module name ""6306292652e177c0ba469f34"" doesn't conform to snake_case naming style | Missing timeout argument for method 'requests.head' can cause your program to hang indefinitely | standard import ""typing.Optional"" should be placed before third party import ""requests""",7
6306292a52e177c0ba469f41,"line-too-long, missing-final-newline, missing-module-docstring, invalid-name, invalid-name","Line too long (103/100) | Final newline missing | Missing module docstring | Module name ""6306292a52e177c0ba469f41"" doesn't conform to snake_case naming style | Variable name ""LEGAL_TAG_CHARS"" doesn't conform to snake_case naming style",5
6306298b52e177c0ba469fdc,"missing-final-newline, missing-module-docstring, invalid-name","Final newline missing | Missing module docstring | Module name ""6306298b52e177c0ba469fdc"" doesn't conform to snake_case naming style",3
6306299052e177c0ba469fe8,"line-too-long, missing-final-newline, missing-module-docstring, invalid-name","Line too long (109/100) | Final newline missing | Missing module docstring | Module name ""6306299052e177c0ba469fe8"" doesn't conform to snake_case naming style",4
630629b952e177c0ba46a043,"trailing-whitespace, trailing-whitespace, missing-final-newline, missing-module-docstring, invalid-name","Trailing whitespace | Trailing whitespace | Final newline missing | Missing module docstring | Module name ""630629b952e177c0ba46a043"" doesn't conform to snake_case naming style",5
630629d052e177c0ba46a0a1,"missing-final-newline, missing-module-docstring, invalid-name, broad-exception-caught, unused-variable","Final newline missing | Missing module docstring | Module name ""630629d052e177c0ba46a0a1"" doesn't conform to snake_case naming style | Catching too general exception Exception | Unused variable 'e'",5
630629e052e177c0ba46a0c4,"missing-final-newline, missing-module-docstring, invalid-name","Final newline missing | Missing module docstring | Module name ""630629e052e177c0ba46a0c4"" doesn't conform to snake_case naming style",3
630629e152e177c0ba46a0d1,"missing-final-newline, missing-module-docstring, invalid-name, broad-exception-caught, missing-timeout","Final newline missing | Missing module docstring | Module name ""630629e152e177c0ba46a0d1"" doesn't conform to snake_case naming style | Catching too general exception Exception | Missing timeout argument for method 'requests.get' can cause your program to hang indefinitely",5
630629e152e177c0ba46a0d2,"trailing-whitespace, trailing-whitespace, trailing-whitespace, missing-final-newline, missing-module-docstring, invalid-name, missing-timeout","Trailing whitespace | Trailing whitespace | Trailing whitespace | Final newline missing | Missing module docstring | Module name ""630629e152e177c0ba46a0d2"" doesn't conform to snake_case naming style | Missing timeout argument for method 'requests.get' can cause your program to hang indefinitely",7
630629e252e177c0ba46a0d6,"missing-final-newline, missing-module-docstring, invalid-name, import-outside-toplevel, import-error, import-outside-toplevel, missing-timeout, no-else-return, inconsistent-return-statements","Final newline missing | Missing module docstring | Module name ""630629e252e177c0ba46a0d6"" doesn't conform to snake_case naming style | Import outside toplevel (requests) | Unable to import 'lxml' | Import outside toplevel (lxml.etree) | Missing timeout argument for method 'requests.get' can cause your program to hang indefinitely | Unnecessary ""else"" after ""return"", remove the ""else"" and de-indent the code inside it | Either all return statements in a function should return an expression, or none of them should.",9
630629e752e177c0ba46a0fb,"missing-final-newline, missing-module-docstring, invalid-name, keyword-arg-before-vararg, import-outside-toplevel, broad-exception-caught, consider-using-f-string","Final newline missing | Missing module docstring | Module name ""630629e752e177c0ba46a0fb"" doesn't conform to snake_case naming style | Keyword argument before variable positional arguments list in the definition of send_document function | Import outside toplevel (requests) | Catching too general exception Exception | Formatting a regular string which could be an f-string",7
